file,line,method,bucket,action,description,runtime_detail,max_zh_title_length,max_zh_description_length,zh_title,zh_description,action_expression,source
"app/a2ui/page.tsx","364","error","short-or-unresolved","false","false","false","6","0","生成应用失败","","","toast.error(t(""generationFailed""))"
"app/a2ui/page.tsx","383","error","short-or-unresolved","false","false","false","6","0","生成应用失败","","","toast.error(t(""generationFailed""))"
"app/a2ui/page.tsx","403","error","short-or-unresolved","false","false","false","6","0","删除应用失败","","","toast.error(t(""deleteFailed""))"
"app/a2ui/page.tsx","470","error","short-or-unresolved","false","false","false","6","0","生成应用失败","","","toast.error(t(""generationFailed""))"
"app/a2ui/page.tsx","474","error","short-or-unresolved","false","false","false","6","0","生成应用失败","","","toast.error(t(""generationFailed""))"
"app/a2ui/page.tsx","508","error","short-or-unresolved","false","false","false","6","0","生成应用失败","","","toast.error(t(""generationFailed""))"
"app/a2ui/page.tsx","511","error","short-or-unresolved","false","false","false","6","0","生成应用失败","","","toast.error(t(""generationFailed""))"
"app/a2ui/page.tsx","538","error","short-or-unresolved","false","false","false","6","0","导入应用失败","","","toast.error(t(""importFailed""))"
"app/me/feedback/page.tsx","44","error","short-or-unresolved","false","false","false","12","0","当前壳层无法访问剪贴板。","","","toast.error(tFeedback(""copyError""))"
"app/me/instructions/page.tsx","87","error","runtime-detail","false","false","true","0","0","","","","toast.error(err instanceof Error ? err.message : String(err))"
"app/me/mcp/page.tsx","68","error","runtime-detail","false","false","true","6","0","保存失败：…","","","toast.error(t(""writeFailed"", { message: err instanceof Error ? err.message : String(err) }))"
"app/me/mcp/page.tsx","90","error","runtime-detail","false","false","true","6","0","保存失败：…","","","toast.error(t(""writeFailed"", { message: err instanceof Error ? err.message : String(err) }))"
"app/me/providers/page.tsx","94","error","runtime-detail","false","false","true","8","0","保存失败（…）。","","","toast.error(t(""saveFailed"", { message: err instanceof Error ? err.message : """" }))"
"app/me/scheduler/page.tsx","325","error","runtime-detail","false","false","true","9","0","无法创建这个任务。","","","toast.error(useSchedulerStore.getState().error ?? t(""createTaskFailed""))"
"app/me/scheduler/page.tsx","357","error","runtime-detail","false","true","true","6","0","任务保存失败","","","toast.error(t(""updateTaskFailed""), {
            description: useSchedulerStore.getState().error ?? undefined,
          })"
"app/me/scheduler/page.tsx","394","error","short-or-unresolved","false","false","false","13","0","无法触达这次运行，取消失败","","","toast.error(t(""cancelRunUnreachable""))"
"app/me/scheduler/page.tsx","402","error","short-or-unresolved","false","false","false","17","0","暂时无法从这里取消配对主机上的运行","","","toast.error(t(""cancelRunRemoteUnsupported""))"
"app/me/scheduler/page.tsx","403","error","short-or-unresolved","false","false","false","13","0","无法触达这次运行，取消失败","","","toast.error(t(""cancelRunUnreachable""))"
"app/me/scheduler/page.tsx","419","error","short-or-unresolved","false","false","false","10","0","无法创建该任务的副本","","","toast.error(t(""cloneFailed""))"
"app/page.tsx","43","error","short-or-unresolved","false","false","false","11","0","该消息已不在此对话中。","","","toast.error(t(""notFound""))"
"app/page.tsx","71","error","short-or-unresolved","false","false","false","11","0","该消息已不在此对话中。","","","toast.error(t(""notFound""))"
"app/scheduler/route-body.tsx","441","error","runtime-detail","false","false","true","9","0","无法创建这个任务。","","","toast.error(useSchedulerStore.getState().error ?? t(""createTaskFailed""))"
"app/scheduler/route-body.tsx","477","error","runtime-detail","false","true","true","6","0","任务保存失败","","","toast.error(t(""updateTaskFailed""), {
            description: useSchedulerStore.getState().error ?? undefined,
          })"
"app/scheduler/route-body.tsx","510","error","runtime-detail","false","false","true","0","0","","","","toast.error(response.message)"
"app/scheduler/route-body.tsx","543","error","short-or-unresolved","false","false","false","7","0","无法更新“…”","","","toast.error(t(""actionFailed"", { name }))"
"app/scheduler/route-body.tsx","564","error","short-or-unresolved","false","false","false","13","0","无法触达这次运行，取消失败","","","toast.error(t(""cancelRunUnreachable""))"
"app/scheduler/route-body.tsx","580","error","short-or-unresolved","false","false","false","17","0","暂时无法从这里取消配对主机上的运行","","","toast.error(t(""cancelRunRemoteUnsupported""))"
"app/scheduler/route-body.tsx","583","error","short-or-unresolved","false","false","false","13","0","无法触达这次运行，取消失败","","","toast.error(t(""cancelRunUnreachable""))"
"app/scheduler/route-body.tsx","600","error","short-or-unresolved","false","false","false","10","0","无法创建该任务的副本","","","toast.error(t(""cloneFailed""))"
"app/scheduler/route-body.tsx","621","error","runtime-detail","false","true","true","7","0","此任务无法促升","","","toast.error(t(""promote.notPromotable""), { description: result.reason })"
"app/scheduler/route-body.tsx","624","error","runtime-detail","false","true","true","14","0","本宿主上没有可用的系统调度器","","","toast.error(t(""promote.unavailableHost""), { description: result.reason })"
"app/scheduler/route-body.tsx","627","error","runtime-detail","false","true","true","10","0","促升到系统调度器失败","","","toast.error(t(""promote.failed""), { description: result.reason })"
"app/scheduler/route-body.tsx","635","error","short-or-unresolved","false","false","false","8","0","取消系统促升失败","","","toast.error(t(""promote.removeFailed""))"
"app/scheduler/route-body.tsx","655","error","short-or-unresolved","false","false","false","10","0","促升到系统调度器失败","","","toast.error(t(""promote.failed""))"
"app/scheduler/route-body.tsx","657","error","short-or-unresolved","false","false","false","10","0","促升到系统调度器失败","","","toast.error(t(""promote.failed""))"
"app/scheduler/route-body.tsx","674","error","runtime-detail","false","false","true","9","0","无法创建这个任务。","","","toast.error(useSchedulerStore.getState().error ?? t(""createTaskFailed""))"
"app/servers/detail/page.tsx","80","error","runtime-detail","false","true","true","9","0","无法加载服务器详情","","","toast.error(t(""errors.detail""), { description: localizedOpsError(t, error) })"
"app/share-target/page.tsx","164","error","guidance-text","false","false","false","11","0","新建会话失败，请重试。","","","toast.error(t(""createSessionFailed""))"
"app/share-target/page.tsx","183","error","guidance-text","false","false","false","11","0","新建会话失败，请重试。","","","toast.error(t(""createSessionFailed""))"
"app/workflows/editor/page.tsx","48","error","runtime-detail","false","false","true","0","0","","","","toast.error(err instanceof Error ? err.message : ""Failed to load workflow"")"
"components/a2ui/app-detail-dialog.tsx","137","error","short-or-unresolved","false","false","false","8","0","保存应用更改失败","","","toast.error(t(""saveFailed""))"
"components/a2ui/app-detail-dialog.tsx","164","error","guidance-text","false","false","false","19","0","尚未配置分享，请在设置中配置分享端点。","","","toast.error(t(""shareNotConfigured""))"
"components/a2ui/app-detail-dialog.tsx","166","error","short-or-unresolved","false","false","false","4","0","发布失败","","","toast.error(t(""publishFailed""))"
"components/a2ui/app-detail-dialog.tsx","170","error","short-or-unresolved","false","false","false","4","0","发布失败","","","toast.error(t(""publishFailed""))"
"components/a2ui/app-detail-dialog.tsx","186","error","short-or-unresolved","false","false","false","4","0","发布失败","","","toast.error(t(""publishFailed""))"
"components/a2ui/app-gallery.tsx","123","error","short-or-unresolved","false","false","false","6","0","删除应用失败","","","toast.error(t(""deleteFailed""))"
"components/a2ui/app-gallery.tsx","135","error","short-or-unresolved","false","false","false","8","0","保存应用更改失败","","","toast.error(t(""saveFailed""))"
"components/a2ui/app-gallery.tsx","152","error","short-or-unresolved","false","false","false","8","0","保存应用更改失败","","","toast.error(t(""saveFailed""))"
"components/a2ui/app-gallery.tsx","198","error","short-or-unresolved","false","false","false","8","0","保存应用更改失败","","","toast.error(t(""saveFailed""))"
"components/a2ui/display/a2ui-toast.tsx","45","error","runtime-detail","false","false","true","0","0","","","","toast.error(message, opts)"
"components/a2ui/display/a2ui-toast.tsx","48","warning","runtime-detail","false","false","true","0","0","","","","toast.warning(message, opts)"
"components/a2ui/from-execution/interactive-page-dialog.tsx","154","error","short-or-unresolved","false","false","false","6","0","未能生成摘要","","","toast.error(t(""enhanceFailed""))"
"components/a2ui/from-execution/interactive-page-dialog.tsx","171","error","short-or-unresolved","false","false","false","6","0","页面保存失败","","","toast.error(t(""saveFailed""))"
"components/a2ui/quick-app-builder.tsx","147","error","short-or-unresolved","false","false","false","6","0","删除应用失败","","","toast.error(t(""deleteFailed""))"
"components/a2ui/workspace/a2ui-toolbar.tsx","91","error","short-or-unresolved","false","false","false","6","0","生成应用失败","","","toast.error(t(""generationFailed""))"
"components/a2ui/workspace/a2ui-toolbar.tsx","93","error","short-or-unresolved","false","false","false","6","0","生成应用失败","","","toast.error(t(""generationFailed""))"
"components/a2ui/workspace/a2ui-toolbar.tsx","113","error","short-or-unresolved","false","false","false","6","0","生成应用失败","","","toast.error(t(""generationFailed""))"
"components/a2ui/workspace/a2ui-toolbar.tsx","118","error","short-or-unresolved","false","false","false","6","0","生成应用失败","","","toast.error(t(""generationFailed""))"
"components/a2ui/workspace/a2ui-toolbar.tsx","126","error","short-or-unresolved","false","false","false","6","0","生成应用失败","","","toast.error(t(""generationFailed""))"
"components/a2ui/workspace/a2ui-toolbar.tsx","128","error","short-or-unresolved","false","false","false","6","0","生成应用失败","","","toast.error(t(""generationFailed""))"
"components/a2ui/workspace/a2ui-toolbar.tsx","173","error","short-or-unresolved","false","false","false","6","0","生成应用失败","","","toast.error(t(""generationFailed""))"
"components/a2ui/workspace/a2ui-toolbar.tsx","183","error","short-or-unresolved","false","false","false","18","0","AI 暂不可用——本次未做任何改动。","","","toast.error(t(""aiEditUnavailable""))"
"components/a2ui/workspace/a2ui-toolbar.tsx","184","error","short-or-unresolved","false","false","false","6","0","生成应用失败","","","toast.error(t(""generationFailed""))"
"components/a2ui/workspace/a2ui-workspace.tsx","111","error","short-or-unresolved","false","false","false","6","0","生成应用失败","","","toast.error(t(""generationFailed""))"
"components/a2ui/workspace/a2ui-workspace.tsx","113","error","short-or-unresolved","false","false","false","6","0","生成应用失败","","","toast.error(t(""generationFailed""))"
"components/account/account-bar-button.tsx","76","error","runtime-detail","false","false","true","9","0","本地账户操作失败。","","","toast.error(cause instanceof Error ? cause.message : t(""operationFailed""))"
"components/account/account-switcher.tsx","144","error","runtime-detail","false","false","true","9","0","本地账户操作失败。","","","toast.error(cause instanceof Error ? cause.message : t(""operationFailed""))"
"components/account/manage/account-danger-tab.tsx","99","warning","runtime-detail","false","false","true","38","0","账户已删除，但其云端登录未能完全清理（…）。请到身份提供方控制台确认已退出。 | 档案关联 | 协作服务器 | 宿主记录 | 登录令牌","","","toast.warning(
            t(""deleteCloudIdentityIncomplete"", {
              steps: cleanup.failures
                .map((failure) => t(`cloudIdentityStep.${CLOUD_IDENTITY_STEP_KEY[failure.step]}`))
                .join("", ""),
            })
          )"
"components/account/manage/account-danger-tab.tsx","108","warning","guidance-text","false","false","false","36","0","身份提供方可能仍保留着已删除账户的会话。请到身份提供方控制台确认已退出。","","","toast.warning(t(""deleteTokensMayRemainLive""))"
"components/account/manage/account-danger-tab.tsx","112","error","runtime-detail","false","false","true","9","0","本地账户操作失败。","","","toast.error(toErrorMessage(err, t(""operationFailed"")))"
"components/account/manage/account-identity-tab.tsx","148","error","runtime-detail","false","false","true","6","0","无法切换：…","","","toast.error(
        t(""switchFailed"", { message: cause instanceof Error ? cause.message : String(cause) })
      )"
"components/account/manage/account-identity-tab.tsx","161","warning","short-or-unresolved","false","false","false","18","0","已在本地退出，但无法通知身份提供方。","","","toast.warning(t(""revocationFailed""))"
"components/account/manage/official-account-deletion.tsx","129","error","runtime-detail","false","false","true","0","0","","","","toast.error(explain(cause))"
"components/account/manage/official-account-deletion.tsx","141","error","runtime-detail","false","false","true","0","0","","","","toast.error(explain(cause))"
"components/account/sync/approve-device-dialog.tsx","120","error","runtime-detail","false","false","true","0","0","","","","toast.error(explainSyncError(t, cause))"
"components/account/sync/sync-device-list.tsx","99","error","runtime-detail","false","false","true","0","0","","","","toast.error(explainSyncError(t, cause))"
"components/account/sync/sync-device-list.tsx","202","error","runtime-detail","false","false","true","0","0","","","","toast.error(explainSyncError(t, cause))"
"components/agent-runs/delegate-review-pane.tsx","135","error","short-or-unresolved","false","false","false","7","0","补丁保存失败。","","","toast.error(tPatch(""downloadFailed""))"
"components/agent/agent-task-board.tsx","81","error","runtime-detail","false","false","true","8","0","任务操作失败：…","","","toast.error(t(""error"", { message: error instanceof Error ? error.message : String(error) }))"
"components/agent/agent-task-board.tsx","320","error","runtime-detail","false","false","true","8","0","任务操作失败：…","","","toast.error(t(""error"", { message: error instanceof Error ? error.message : String(error) }))"
"components/agent/agent-task-board.tsx","330","error","short-or-unresolved","false","false","false","26","0","该状态转换由依赖关系或正在运行的 Agent 管理。","","","toast.error(t(""moveDenied""))"
"components/agent/agent-task-board.tsx","334","error","runtime-detail","false","false","true","8","0","任务操作失败：…","","","toast.error(t(""error"", { message: error instanceof Error ? error.message : String(error) }))"
"components/agent/external-agent/config-options.tsx","202","error","short-or-unresolved","false","false","false","7","0","更新配置项失败","","","toast.error(t(""setConfigOptionFailed""))"
"components/agent/external-agent/manager.tsx","389","error","short-or-unresolved","false","false","false","0","0","","","","toast.error(problemMessage(prepared.problem))"
"components/agent/external-agent/manager.tsx","400","error","runtime-detail","false","false","true","0","0","","","","toast.error(message)"
"components/agent/external-agent/manager.tsx","678","error","runtime-detail","false","false","true","4","0","断开失败","","","toast.error(getErrorMessage(err, tSettings(""disconnectFailed"")))"
"components/agent/external-agent/manager.tsx","695","error","runtime-detail","false","false","true","9","0","移除外部代理失败。","","","toast.error(getErrorMessage(err, tManager(""removeAgentFailed"")))"
"components/agent/external-agent/manager.tsx","706","error","runtime-detail","false","false","true","0","0","","","","toast.error(String(error))"
"components/agent/external-agent/manager.tsx","813","error","runtime-detail","false","false","true","0","0","","","","toast.error(getErrorMessage(err, refreshSessionsFailedMessage))"
"components/agent/external-agent/manager.tsx","837","error","runtime-detail","false","false","true","7","0","恢复会话失败。","","","toast.error(getErrorMessage(err, tManager(""resumeSessionFailed"")))"
"components/agent/external-agent/manager.tsx","866","error","short-or-unresolved","false","false","false","6","0","无法恢复：… | 未提供原因。","","","toast.error(tDiag(""resumeUnsupported"", { reason: tDiag(""resumeUnsupportedDefault"") }))"
"components/agent/external-agent/manager.tsx","869","error","runtime-detail","false","false","true","12","0","无法在对话中打开该会话。","","","toast.error(getErrorMessage(err, tManager(""openInChatFailed"")))"
"components/agent/external-agent/manager.tsx","892","error","runtime-detail","false","false","true","7","0","分叉会话失败。","","","toast.error(getErrorMessage(err, tManager(""forkSessionFailed"")))"
"components/agent/external-agent/manager.tsx","917","error","runtime-detail","false","false","true","8","0","删除原生记录失败","","","toast.error(getErrorMessage(err, tManager(""deleteNativeSessionFailed"")))"
"components/agent/external-agent/session-panel.tsx","128","error","runtime-detail","false","false","true","0","0","","","","toast.error(error)"
"components/agent/external-agent/session-panel.tsx","137","error","runtime-detail","false","false","true","0","0","","","","toast.error(String(error))"
"components/agent/external-agent/session-panel.tsx","180","error","runtime-detail","false","false","true","0","0","","","","toast.error(String(error))"
"components/agent/external-agent/session-panel.tsx","318","error","short-or-unresolved","false","false","false","16","0","此 agent 不支持派生会话。","","","toast.error(t(""forkUnsupported""))"
"components/agent/external-agent/session-panel.tsx","321","error","runtime-detail","false","false","true","0","0","","","","toast.error(err instanceof Error ? err.message : String(err))"
"components/agent/external-agent/session-panel.tsx","332","error","runtime-detail","false","false","true","9","0","上下文压缩失败：…","","","toast.error(
        t(""compactFailure"", { error: err instanceof Error ? err.message : String(err) }),
        {
          id: toastId,
        }
      )"
"components/agent/external-agent/session-panel.tsx","350","error","runtime-detail","false","false","true","9","0","上下文压缩失败：…","","","toast.error(
        t(""compactFailure"", { error: err instanceof Error ? err.message : String(err) }),
        {
          id: toastId,
        }
      )"
"components/agent/external-agent/session-panel.tsx","366","error","runtime-detail","false","false","true","9","0","提供商撤销失败：…","","","toast.error(
        t(""providerUndoFailure"", { error: err instanceof Error ? err.message : String(err) }),
        { id: toastId }
      )"
"components/agent/external-agent/session-panel.tsx","398","error","runtime-detail","false","false","true","0","0","","","","toast.error(String(err))"
"components/agent/external-agent/unsandboxed-consent-action.tsx","124","error","runtime-detail","false","false","true","0","0","","","","toast.error(lifecycleErrorMessage(error, (key) => tErrors(key)))"
"components/agent/external/extension-ui.tsx","149","error","runtime-detail","false","false","true","0","0","","","","toast.error(message, { id })"
"components/agent/external/extension-ui.tsx","156","warning","runtime-detail","false","false","true","0","0","","","","toast.warning(message, { id })"
"components/agent/mode/custom-mode-editor/index.tsx","195","error","short-or-unresolved","false","false","false","10","0","根据描述生成模式失败","","","toast.error(t(""modeGenerationFailed""))"
"components/agent/mode/runtime-selector.tsx","231","error","runtime-detail","false","true","true","4","0","无法连接","","","toast.error(tExternal(""failure.connect""), { description: readiness.detail })"
"components/agent/plan/plan-approval-card.tsx","204","error","short-or-unresolved","false","false","false","7","0","无法保存计划。","","","toast.error(t(""composer.saveFailed""))"
"components/agent/plan/plan-approval-dock.tsx","299","error","short-or-unresolved","false","false","false","8","0","无法拒绝该计划。","","","toast.error(t(""approval.rejectFailed""))"
"components/agent/plan/plan-approval-dock.tsx","334","error","short-or-unresolved","false","false","false","19","0","无法优化——未配置用于后台任务的模型。","","","toast.error(t(""approval.refineUnavailable""))"
"components/agent/plan/plan-approval-dock.tsx","352","error","short-or-unresolved","false","false","false","7","0","无法优化计划。","","","toast.error(t(""approval.refineFailed""))"
"components/agent/plan/plan-composer-dialog.tsx","300","error","guidance-text","false","false","false","18","0","第 … 步：请补全该类型所需的字段。 | 无法保存计划。","","","toast.error(
        error instanceof PlanEditValidationError && error.stepIndex
          ? t(""invalidStep"", { index: error.stepIndex })
          : t(""saveFailed"")
      )"
"components/agent/plan/plan-composer-dialog.tsx","340","error","short-or-unresolved","false","false","false","7","0","无法创建计划。","","","toast.error(t(""createFailed""))"
"components/agent/plan/plan-tracker-dock.tsx","74","error","short-or-unresolved","false","false","false","7","0","计划无法继续。","","","toast.error(t(""stepFailure.actionFailed""))"
"components/agent/plan/plan-tracker-panel.tsx","95","error","runtime-detail","false","false","true","0","0","","","","toast.error(cause instanceof Error ? cause.message : String(cause))"
"components/agent/workspace/auto-compose-dialog.tsx","219","error","guidance-text","false","false","false","9","0","请先输入一个目标。","","","toast.error(t(""objectiveRequired""))"
"components/agent/workspace/auto-compose-dialog.tsx","224","error","guidance-text","false","false","false","35","0","自动组建需要一个在渲染端可用 API 密钥的提供方——请在设置中配置。","","","toast.error(t(""noClient""))"
"components/agent/workspace/auto-compose-dialog.tsx","241","error","short-or-unresolved","false","false","false","17","0","已拒绝：脱敏后目标仍包含敏感数据。","","","toast.error(t(""piiRefused""))"
"components/agent/workspace/auto-compose-dialog.tsx","244","error","runtime-detail","false","false","true","8","0","自动组建失败：…","","","toast.error(t(""failed"", { error: err instanceof Error ? err.message : String(err) }))"
"components/agent/workspace/auto-compose-dialog.tsx","333","error","guidance-text","false","false","false","35","0","自动组建需要一个在渲染端可用 API 密钥的提供方——请在设置中配置。","","","toast.error(t(""noClient""))"
"components/agent/workspace/auto-compose-dialog.tsx","347","error","guidance-text","false","false","false","35","0","自动组建需要一个在渲染端可用 API 密钥的提供方——请在设置中配置。","","","toast.error(t(""noClient""))"
"components/agent/workspace/board/task-board.tsx","130","error","guidance-text","false","false","false","0","0","「已阻塞」列由依赖关系自动管理，卡片会随依赖完成自动进出。 | 不允许从当前列移动到该列。 | 团队正在执行此任务——暂停运行后才能移动。 | 任务已不存在。","","","toast.error(t(`denied.${action.reason}`))"
"components/agent/workspace/board/task-board.tsx","139","error","guidance-text","false","false","false","0","0","「已阻塞」列由依赖关系自动管理，卡片会随依赖完成自动进出。 | 不允许从当前列移动到该列。 | 团队正在执行此任务——暂停运行后才能移动。 | 任务已不存在。","","","toast.error(t(`denied.${result.reason}`))"
"components/agent/workspace/durable-operations.tsx","127","error","runtime-detail","false","false","true","0","0","","","","toast.error(error instanceof Error ? error.message : String(error))"
"components/agent/workspace/durable-operations.tsx","138","error","runtime-detail","false","false","true","0","0","","","","toast.error(error instanceof Error ? error.message : String(error))"
"components/agent/workspace/durable-operations.tsx","510","error","runtime-detail","false","false","true","0","0","","","","toast.error(error instanceof Error ? error.message : String(error))"
"components/agent/workspace/members.tsx","187","error","guidance-text","false","false","false","24","0","运行进行中或已暂停时不能更换队长，请先停止运行。","","","toast.error(t(""leadLocked""))"
"components/agent/workspace/settings/memory-adapter-strip.tsx","72","error","short-or-unresolved","false","false","false","4","0","同步失败","","","toast.error(t(""syncFailed""))"
"components/agent/workspace/settings/settings-save-indicator.tsx","87","error","short-or-unresolved","false","false","false","6","0","审核器未就绪","","","toast.error(t(""auditUnavailable""))"
"components/app-shell-mobile.tsx","358","error","short-or-unresolved","false","false","false","0","0","","","","toast.error(chatErrorMessage)"
"components/app-shell-mobile.tsx","941","error","runtime-detail","false","false","true","0","0","","","","toast.error(err instanceof Error ? err.message : String(err))"
"components/artifacts/artifact-tab-strip.tsx","91","error","short-or-unresolved","false","false","false","11","0","该消息已不在此对话中。","","","toast.error(tJump(""notFound""))"
"components/artifacts/chat-dock-panels.tsx","1119","error","short-or-unresolved","false","false","false","11","0","该消息已不在此对话中。","","","toast.error(tJump(""notFound""))"
"components/artifacts/dock-new-tab-page.tsx","222","error","guidance-text","false","false","false","6","0","无法打开 …","","","toast.error(t(""openFailed"", { path }))"
"components/artifacts/dock-new-tab-page.tsx","233","error","guidance-text","false","false","false","6","0","无法打开 …","","","toast.error(t(""openFailed"", { path: target.path }))"
"components/artifacts/dock-tab-strip.tsx","353","error","short-or-unresolved","false","false","false","11","0","该消息已不在此对话中。","","","toast.error(tJump(""notFound""))"
"components/browser/browser-adjust-controls.tsx","57","error","runtime-detail","false","false","true","8","0","无法应用调整：…","","","toast.error(t(""failed"", { message: cause instanceof Error ? cause.message : String(cause) }))"
"components/browser/browser-cookie-import-action.tsx","135","error","short-or-unresolved","false","false","false","16","0","无法清除此站点的 Cookie。","","","toast.error(t(""clear.failed""))"
"components/browser/browser-downloads-panel.tsx","61","error","guidance-text","false","false","false","10","0","请先打开一个对话会话","","","toast.error(t(""noSession""))"
"components/browser/browser-downloads-panel.tsx","63","error","short-or-unresolved","false","false","false","20","0","该文件超过 64 MB，无法附加到对话。","","","toast.error(t(""tooLarge""))"
"components/browser/browser-downloads-panel.tsx","65","error","short-or-unresolved","false","false","false","0","0","","","","toast.error(failure)"
"components/browser/browser-downloads-panel.tsx","168","error","button","true","false","false","27","0","此类文件不能在这里直接打开，请改用“在文件夹中显示”。","","{
                                label: t(""reveal""),
                                onClick: () =>
                                  void actions
                                    .reveal(row)
                                    .then((next) => report(next, t(""revealFailed""))),
                              }","toast.error(t(""openBlocked""), {
                              action: {
                                label: t(""reveal""),
                                onClick: () =>
                                  void actions
                                    .reveal(row)
                                    .then((next) => report(next, t(""revealFailed""))),
                              },
                            })"
"components/browser/browser-inspection-rail.tsx","148","error","guidance-text","false","false","false","10","0","请先打开一个对话会话","","","toast.error(t(""comment.noSession""))"
"components/browser/browser-inspection-rail.tsx","150","error","short-or-unresolved","false","false","false","6","0","评论发送失败","","","toast.error(t(""comment.failed""))"
"components/browser/browser-inspection-rail.tsx","182","error","guidance-text","false","false","false","10","0","请先打开一个对话会话","","","toast.error(t(""comment.noSession""))"
"components/browser/browser-inspection-rail.tsx","185","error","short-or-unresolved","false","false","false","6","0","评论发送失败","","","toast.error(t(""comment.failed""))"
"components/browser/browser-inspection-rail.tsx","212","error","guidance-text","false","false","false","10","0","请先打开一个对话会话","","","toast.error(t(""comment.noSession""))"
"components/browser/browser-inspection-rail.tsx","214","error","short-or-unresolved","false","false","false","6","0","评论发送失败","","","toast.error(t(""comment.failed""))"
"components/browser/browser-inspection-rail.tsx","225","error","short-or-unresolved","false","false","false","6","0","评论发送失败","","","toast.error(t(""comment.failed""))"
"components/browser/browser-preview-pane.tsx","268","error","short-or-unresolved","false","false","false","8","0","无法清除浏览记录","","","toast.error(t(""history.clearFailed""))"
"components/browser/browser-preview-pane.tsx","427","error","runtime-detail","false","false","true","8","0","无法导航到该地址","","","toast.error(
        String(error).includes(""PROXY_TRANSPORT_UNSUPPORTED"") ? message : t(""errors.navigate"")
      )"
"components/browser/browser-preview-pane.tsx","583","error","runtime-detail","false","false","true","11","0","无法打开该本地文件：…","","","toast.error(
              tLocal(""address.localFileFailed"", {
                message: error instanceof Error ? error.message : String(error),
              })
            )"
"components/browser/browser-preview-pane.tsx","593","error","short-or-unresolved","false","false","false","8","0","无法导航到该地址","","","toast.error(t(""errors.navigate""))"
"components/browser/browser-preview-pane.tsx","629","error","guidance-text","false","false","false","10","0","请先打开一个对话会话","","","toast.error(t(""comment.noSession""))"
"components/browser/browser-preview-pane.tsx","631","error","short-or-unresolved","false","false","false","8","0","无法截取预览画面","","","toast.error(t(""screenshot.failed""))"
"components/browser/browser-recorder-panel.tsx","231","error","runtime-detail","false","false","true","9","0","第 … 步失败：…","","","toast.error(t(""record.replayFailed"", { index: failed.index + 1, error: failed.error ?? """" }))"
"components/browser/browser-web-fallback.tsx","88","error","short-or-unresolved","false","false","false","8","0","无法清除浏览记录","","","toast.error(t(""history.clearFailed""))"
"components/browser/cookie-import/browser-cookie-import-dialog.tsx","69","error","guidance-text","false","false","false","33","0","无法打开系统设置。请手动前往 隐私与安全性 → 完全磁盘访问权限。","","","toast.error(t(""openFailed""))"
"components/browser/extensions/browser-extensions-panel.tsx","154","error","guidance-text","false","false","false","7","0","扩展包的 ID 与你请求的扩展不一致。 | 该文件不是有效的 Chrome 扩展包。 | 安装未及时确认，请重新开始。 | 该扩展已不再安装。 | 扩展只能在本地 Chromium 浏览器中运行。 | 扩展的 manifest 缺失或无效。 | 无法访问 Chrome 应用商店，或商店未提供该扩展。 | 扩展包包含不安全的文件路径，已被拒绝。 | 扩展操作失败。","","","toast.error(code ? t(`errors.${code}`) : t(""failed""))"
"components/browser/launch/browser-launch-configs.tsx","96","error","guidance-text","false","false","false","24","0","… 未能及时打开端口 …,请查看它的终端标签页。","","","toast.error(t(""timeout"", { name: config.name, port: outcome.port }))"
"components/browser/launch/browser-launch-configs.tsx","98","error","runtime-detail","false","false","true","8","0","无法启动 …:…","","","toast.error(
        t(""startFailed"", {
          name: config.name,
          message: error instanceof Error ? error.message : String(error),
        })
      )"
"components/browser/local-chromium-preview.tsx","397","error","runtime-detail","false","false","true","11","0","远程浏览器不可用（…）","","","toast.error(browserT(""remote.error"", { code: message }))"
"components/browser/local-chromium-preview.tsx","409","error","short-or-unresolved","false","false","false","8","0","无法导航到该地址","","","toast.error(browserT(""errors.navigate""))"
"components/browser/local-chromium-preview.tsx","413","error","runtime-detail","false","false","true","11","0","无法打开该本地文件：…","","","toast.error(tAddress(""localFileFailed"", { message: resolved.message }))"
"components/browser/local-chromium-preview.tsx","477","error","short-or-unresolved","false","false","false","8","0","无法截取预览画面","","","toast.error(screenshotT(""failed""))"
"components/browser/local-chromium-preview.tsx","479","error","short-or-unresolved","false","false","false","8","0","无法截取预览画面","","","toast.error(screenshotT(""failed""))"
"components/browser/local-chromium-preview.tsx","523","error","short-or-unresolved","false","false","false","9","0","无法响应页面对话框","","","toast.error(dialogT(""failed""))"
"components/browser/local-chromium-preview.tsx","571","error","short-or-unresolved","false","false","false","8","0","无法清除浏览记录","","","toast.error(browserT(""history.clearFailed""))"
"components/browser/local-content/browser-local-content-picker.tsx","77","error","guidance-text","false","false","false","13","0","无法在浏览器中打开该文件。","","","toast.error(t(""serveFailed""))"
"components/browser/local-content/browser-local-content-picker.tsx","88","error","short-or-unresolved","false","false","false","11","0","无法停止共享该文件夹。","","","toast.error(t(""stopFailed""))"
"components/browser/remote-browser-preview.tsx","285","error","short-or-unresolved","false","false","false","8","0","无法清除浏览记录","","","toast.error(browserT(""history.clearFailed""))"
"components/browser/remote-browser-preview.tsx","582","error","short-or-unresolved","false","false","false","8","0","无法截取预览画面","","","toast.error(screenshotT(""failed""))"
"components/browser/remote-browser-preview.tsx","584","error","short-or-unresolved","false","false","false","8","0","无法截取预览画面","","","toast.error(screenshotT(""failed""))"
"components/browser/remote-browser-preview.tsx","643","error","guidance-text","false","false","false","10","0","请先打开一个对话会话","","","toast.error(commentT(""noSession""))"
"components/browser/remote-browser-preview.tsx","646","error","short-or-unresolved","false","false","false","6","0","评论发送失败","","","toast.error(commentT(""failed""))"
"components/browser/vault/browser-autofill-prompt.tsx","160","error","guidance-text","false","false","false","9","0","有多个已保存的密码匹配，请选择账号。 | 页面上已没有登录表单。 | 没有与此网站匹配的已保存密码。 | 无法填写登录表单。","","","toast.error(reason ? t(`reason.${reason}`) : t(""failed""))"
"components/browser/vault/browser-autofill-prompt.tsx","163","error","short-or-unresolved","false","false","false","9","0","无法填写登录表单。","","","toast.error(t(""failed""))"
"components/browser/vault/browser-credential-form-dialog.tsx","93","error","guidance-text","false","false","false","10","0","出了点问题，请重试。","","","toast.error(t(""common.failed""))"
"components/browser/vault/browser-password-manager.tsx","125","error","short-or-unresolved","false","false","false","0","0","已取消验证。 | 无法验证你的身份，未显示任何内容。 | 身份验证失败，未显示任何内容。 | 此设备无法验证你的身份（Touch ID、Windows Hello 或系统密码提示），已保存的密码将保持隐藏。","","","toast.error(failure ? t(`presence.${failure}`) : fallback)"
"components/browser/vault/browser-password-manager.tsx","179","error","guidance-text","false","false","false","10","0","出了点问题，请重试。","","","toast.error(t(""common.failed""))"
"components/browser/vault/browser-save-password-prompt.tsx","141","error","short-or-unresolved","false","false","false","7","0","无法保存密码。","","","toast.error(t(""failed""))"
"components/canvas/canvas-export-menu.tsx","62","error","short-or-unresolved","false","false","false","7","0","无法渲染该文档","","","toast.error(t(""renderFailed""))"
"components/canvas/canvas-export-menu.tsx","68","error","short-or-unresolved","false","false","false","8","0","复制到剪贴板失败","","","toast.error(t(""copyFailed""))"
"components/capture/capture-bubble.tsx","64","error","runtime-detail","false","false","true","6","0","捕获失败：…","","","toast.error(t(""toast.failed"", { message: err instanceof Error ? err.message : String(err) }))"
"components/capture/capture-settings-panel.tsx","56","error","runtime-detail","false","false","true","0","0","","","","toast.error(error instanceof Error ? error.message : String(error))"
"components/chat/branch-dialog.tsx","176","error","short-or-unresolved","false","false","false","6","0","生成摘要失败","","","toast.error(t(""summaryError""))"
"components/chat/branch-dialog.tsx","234","error","guidance-text","false","false","false","9","0","请先填写摘要再分支","","","toast.error(t(""summaryEmpty""))"
"components/chat/branch-dialog.tsx","238","error","short-or-unresolved","false","false","false","8","0","至少勾选一条消息","","","toast.error(t(""pick.empty""))"
"components/chat/branch-dialog.tsx","281","error","guidance-text","false","false","false","28","0","此位置没有历史状态记录，请选择当前状态或从空白状态开始。 | 创建分支失败","","","toast.error(
        t(
          err instanceof Error && err.name === ""BranchWorkingSetHistoryUnavailableError""
            ? ""workingSet.unavailable""
            : ""createError""
        )
      )"
"components/chat/branch-lineage-chip.tsx","66","error","short-or-unresolved","false","false","false","13","0","该分叉点已不在这个对话里。","","","toast.error(t(""lineageAnchorMissing""))"
"components/chat/chat-header.tsx","75","error","guidance-text","false","false","false","21","0","无法在 Codex App 中打开此任务。","","","toast.error(t(""openInCodexAppFailed""))"
"components/chat/chat-view.tsx","625","error","guidance-text","false","false","false","47","0","自动提示词可能包含隐私或凭据类数据，已阻止发送。请新建普通对话，并只提供你明确希望发送的内容。","","","toast.error(tInlineErr(""pendingPromptPiiBlocked""))"
"components/chat/composer.tsx","1765","error","guidance-text","false","false","false","23","0","请在 # 后输入要写入 memory 的内容。","","","toast.error(tMemory(""needsLine""))"
"components/chat/composer.tsx","1769","error","short-or-unresolved","false","false","false","14","0","文件记忆仅在桌面应用中可用。","","","toast.error(tMemory(""desktopOnly""))"
"components/chat/composer.tsx","1894","error","short-or-unresolved","false","false","false","10","0","还有 2 个参数没填","","","toast.error(tTemplateParams(""unfilled"", { count: missingParams.length }))"
"components/chat/composer.tsx","2096","error","guidance-text","false","false","false","23","0","请在 # 后输入要写入 memory 的内容。","","","toast.error(tMemory(""needsLine""))"
"components/chat/composer.tsx","2108","error","short-or-unresolved","false","false","false","14","0","文件记忆仅在桌面应用中可用。","","","toast.error(tMemory(""desktopOnly""))"
"components/chat/composer.tsx","2176","error","runtime-detail","false","false","true","9","0","命令 … 执行失败","","","toast.error(
            tCommands(""batchFailed"", {
              count: errors.length,
              names: errors.map((e) => `/${e.name}`).join("", ""),
            })
          )"
"components/chat/composer.tsx","2992","error","runtime-detail","false","false","true","6","0","命令执行失败","","","toast.error(error instanceof Error ? error.message : tCommands(""failed""))"
"components/chat/composer.tsx","3875","error","runtime-detail","false","false","true","6","0","命令执行失败","","","toast.error(err instanceof Error ? err.message : tCommands(""failed""))"
"components/chat/composer.tsx","3906","error","guidance-text","false","false","false","21","0","运行 shell 命令前请先设置工作目录。","","","toast.error(tShell(""needsCwd""))"
"components/chat/composer.tsx","4008","error","guidance-text","false","false","false","0","0","当前 Agent 不被允许在该作用域写入记忆。 | 长期记忆已关闭。 | 请输入要记住的内容。 | 无法存储这条记忆。 | 敏感信息不能存入记忆。 | 临时模式下无法使用记忆。 | 记忆存储当前不可用。","","","toast.error(tMemory(`storeError.${result.reason}`))"
"components/chat/composer.tsx","4020","error","runtime-detail","false","false","true","12","0","写入 memory 失败","","","toast.error(err instanceof Error ? err.message : tMemory(""failed""))"
"components/chat/composer.tsx","4059","error","short-or-unresolved","false","false","false","34","0","当前连接无法向 … 上传这些附件。可移除附件后发送文字，草稿已保留。 | 发送失败，已保留输入内容和附件。","","","toast.error(
            error instanceof UnsupportedPlatformAttachmentsError
              ? tPlatform(""attachmentsUnsupported"", {
                  platform: tPlatformName.has(error.platform)
                    ? tPlatformName(error.platform)
                    : error.platform,
                })
              : tPlatform(""sendFailed"")
          )"
"components/chat/composer.tsx","4089","error","guidance-text","false","false","false","17","0","请等当前回复结束后，再发给 @…。","","","toast.error(tRoute(""busy"", { handle: route.handle }))"
"components/chat/composer.tsx","4099","error","guidance-text","false","false","false","12","0","请在 @… 后输入消息。","","","toast.error(tRoute(""emptyPrompt"", { handle: route.handle }))"
"components/chat/composer.tsx","4111","error","button","true","true","false","8","0","无法发送给 @…","","{
              label: tRoute(""openSettings""),
              // A missing member is fixed in the Squad; everything else is an
              // external agent to add, enable or repair.
              onClick: () => onOpenSettings(lane.reason === ""member-missing"" ? ""squads"" : ""agents""),
            }","toast.error(tRoute(""unavailable"", { handle: route.handle }), {
            description: routeFailureText(
              lane,
              { handle: route.handle, name: route.label },
              tRoute,
              tRouteRuntime
            ),
            action: {
              label: tRoute(""openSettings""),
              // A missing member is fixed in the Squad; everything else is an
              // external agent to add, enable or repair.
              onClick: () => onOpenSettings(lane.reason === ""member-missing"" ? ""squads"" : ""agents""),
            },
          })"
"components/chat/composer.tsx","4183","error","runtime-detail","false","false","true","8","0","联网搜索失败：…","","","toast.error(
            tWebSearch(""searchFailed"", {
              message: err instanceof Error ? err.message : String(err),
            })
          )"
"components/chat/composer.tsx","4274","error","guidance-text","false","false","false","25","0","有 … 个附件尚未处理完成，请重试或移除后再发送。","","","toast.error(tAttach(""processing.rejected"", { count: rejected.length }))"
"components/chat/composer.tsx","4279","warning","short-or-unresolved","false","false","false","21","0","有 … 个链接无法读取，仍会发送原始网址。","","","toast.warning(tAttach(""linkSkipped"", { count: linkContext.rejected.length }))"
"components/chat/composer/artifact-selection-chips.tsx","149","error","guidance-text","false","false","false","18","0","无法重新读取“…”，已保留原有副本。","","","toast.error(t(""selectionRefreshUnavailable"", { title: sel.title }))"
"components/chat/composer/artifact-selection-chips.tsx","151","error","guidance-text","false","false","false","18","0","无法重新读取“…”，已保留原有副本。","","","toast.error(t(""selectionRefreshUnavailable"", { title: sel.title }))"
"components/chat/composer/artifact-selection-chips.tsx","163","error","short-or-unresolved","false","false","false","23","0","该消息已不再包含你选中的内容，已保留原有副本。","","","toast.error(t(""selectionExcerptChanged""))"
"components/chat/composer/artifact-selection-chips.tsx","164","error","guidance-text","false","false","false","18","0","无法重新读取“…”，已保留原有副本。","","","toast.error(t(""selectionRefreshUnavailable"", { title: sel.title }))"
"components/chat/composer/artifact-selection-chips.tsx","166","error","guidance-text","false","false","false","18","0","无法重新读取“…”，已保留原有副本。","","","toast.error(t(""selectionRefreshUnavailable"", { title: sel.title }))"
"components/chat/composer/artifact-selection-chips.tsx","195","error","guidance-text","false","false","false","18","0","无法重新读取“…”，已保留原有副本。","","","toast.error(t(""selectionRefreshUnavailable"", { title: sel.title }))"
"components/chat/composer/artifact-selection-chips.tsx","213","error","guidance-text","false","false","false","18","0","无法重新读取“…”，已保留原有副本。","","","toast.error(t(""selectionRefreshUnavailable"", { title: sel.title }))"
"components/chat/composer/artifact-selection-chips.tsx","232","error","guidance-text","false","false","false","18","0","无法重新读取“…”，已保留原有副本。","","","toast.error(t(""selectionRefreshUnavailable"", { title: sel.title }))"
"components/chat/composer/artifact-selection-chips.tsx","254","error","short-or-unresolved","false","false","false","15","0","该消息已不存在，引用保持原样。","","","toast.error(t(""selectionSpanUnavailable""))"
"components/chat/composer/attach-menu.tsx","210","error","runtime-detail","false","false","true","4","0","截图失败","","","toast.error(err instanceof Error ? err.message : t(""screenshot.captureFailed""))"
"components/chat/composer/composer-box.tsx","549","error","runtime-detail","false","false","true","0","0","","","","toast.error(message)"
"components/chat/composer/enhance-button.tsx","93","error","button","true","false","false","17","0","请在设置中配置模型后再润色提示词。","","{ label: t(""toast.openSettings""), onClick: onOpenProviderSettings }","toast.error(t(""toast.noModel""), {
            action: { label: t(""toast.openSettings""), onClick: onOpenProviderSettings },
          })"
"components/chat/composer/enhance-button.tsx","97","error","guidance-text","false","false","false","17","0","请在设置中配置模型后再润色提示词。","","","toast.error(t(""toast.noModel""))"
"components/chat/composer/enhance-button.tsx","118","error","short-or-unresolved","false","false","false","8","0","润色提示词失败。","","","toast.error(t(""toast.error""))"
"components/chat/composer/hooks/use-attachment-intake.ts","152","warning","short-or-unresolved","false","false","false","0","0","","","","toast.warning(tAttach(""unsupported"", { count: prepared.unsupportedCount }))"
"components/chat/composer/hooks/use-attachment-intake.ts","155","warning","short-or-unresolved","false","false","false","0","0","","","","toast.warning(
            tAttach(""fileSizeExceeded"", {
              count: prepared.tooLargeCount,
              max: MAX_FILE_SIZE / (1024 * 1024),
            })
          )"
"components/chat/composer/hooks/use-attachment-intake.ts","163","warning","short-or-unresolved","false","false","false","0","0","","","","toast.warning(
            tAttach(""videoSizeExceeded"", {
              count: prepared.motionTooLargeCount,
              max: COMPOSER_VIDEO_SOURCE_MAX_BYTES / (1024 * 1024),
            })
          )"
"components/chat/composer/hooks/use-attachment-intake.ts","179","warning","short-or-unresolved","false","false","false","0","0","","","","toast.warning(tAttach(""countLimit"", { max: MAX_FILES }))"
"components/chat/composer/hooks/use-attachment-intake.ts","219","error","runtime-detail","false","false","true","0","0","","","","toast.error(err instanceof Error ? err.message : t(""smartSnapshot.captureFailed""))"
"components/chat/composer/hooks/use-attachment-intake.ts","253","error","runtime-detail","false","false","true","0","0","","","","toast.error(err instanceof Error ? err.message : String(err))"
"components/chat/composer/hooks/use-attachment-intake.ts","352","warning","short-or-unresolved","false","false","false","0","0","","","","toast.warning(tAttach(""folderTruncated"", { max: MAX_DROPPED_DIR_FILES }))"
"components/chat/composer/hooks/use-attachment-intake.ts","355","warning","short-or-unresolved","false","false","false","0","0","","","","toast.warning(tAttach(""folderEmpty""))"
"components/chat/composer/live-voice-dialog.tsx","452","error","short-or-unresolved","false","false","false","0","0","","","","toast.error(t(UNAVAILABLE_MESSAGE_KEYS[error.reason]))"
"components/chat/composer/live-voice-dialog.tsx","458","error","short-or-unresolved","false","false","false","0","0","","","","toast.error(t(ERROR_MESSAGE_KEYS[errorInfo.code]))"
"components/chat/composer/live-voice-dialog.tsx","512","error","guidance-text","false","false","false","19","0","无法切换麦克风，已继续使用原来的设备。","","","toast.error(t(""errors.deviceSwitchFailed""))"
"components/chat/composer/model-picker.tsx","393","error","short-or-unresolved","false","false","false","0","0","","","","toast.error(t(key, { reason: msg }))"
"components/chat/composer/model-picker.tsx","493","error","guidance-text","false","false","false","8","0","无法实时切换模型","","","toast.error(t(""liveSwitchFailed""))"
"components/chat/composer/voice-controls.tsx","156","error","button","true","false","false","24","0","麦克风权限被拒绝，请为应用开启麦克风权限后重试。","","{ label: t(""openSettings""), onClick: () => void openAppSettings() }","toast.error(t(""errors.permissionDenied""), {
      action: { label: t(""openSettings""), onClick: () => void openAppSettings() },
    })"
"components/chat/composer/voice-controls.tsx","169","error","guidance-text","false","false","false","34","0","语音输入没有启动。请确认已允许 Cognia 使用麦克风，然后重试。","","","toast.error(t(""errors.notStarted""))"
"components/chat/composer/voice-controls.tsx","182","error","guidance-text","false","false","false","11","0","语音输入失败，请重试。","","","toast.error(t(""errors.generic""))"
"components/chat/composer/voice-controls.tsx","198","error","guidance-text","false","false","false","24","0","麦克风权限被拒绝，请为应用开启麦克风权限后重试。","","","toast.error(t(""errors.permissionDenied""))"
"components/chat/composer/voice-controls.tsx","202","error","guidance-text","false","false","false","17","0","没有可用的麦克风，请检查音频设备。","","","toast.error(t(""errors.noMicrophone""))"
"components/chat/composer/voice-controls.tsx","204","error","guidance-text","false","false","false","11","0","语音输入失败，请重试。","","","toast.error(t(""errors.generic""))"
"components/chat/context-usage-indicator.tsx","626","error","runtime-detail","false","false","true","9","0","无法压缩此对话：…","","","toast.error(
              t(""compactFailed"", { reason: err instanceof Error ? err.message : String(err) })
            )"
"components/chat/dialogs/clear-conversation-trigger.tsx","53","error","runtime-detail","false","false","true","6","0","会话已清空。","","","toast.error(err instanceof Error ? err.message : t(""cleared""))"
"components/chat/header-account-switcher.tsx","137","error","runtime-detail","false","false","true","8","0","无法切换账号：…","","","toast.error(
        t(""switchFailed"", { error: cause instanceof Error ? cause.message : String(cause) })
      )"
"components/chat/imported-origin-chip.tsx","179","error","runtime-detail","false","true","true","16","0","原 Agent 无法恢复此会话。","","","toast.error(t(""resumeErrors.handshake-failed""), {
        description: error instanceof Error ? error.message : String(error),
      })"
"components/chat/imported-origin-chip.tsx","193","error","runtime-detail","false","true","true","56","0","上次恢复此会话所用的 Agent 未连接。请重新连接它，或选择另一个 Agent，以该 Agent 的账号继续。","","","toast.error(t(""resumeErrors.bound-runtime-unavailable""), {
        ...(result.detail ? { description: result.detail } : {}),
      })"
"components/chat/imported-origin-chip.tsx","200","error","runtime-detail","false","true","true","0","0","来源未提供原生会话 ID。 | 上次恢复此会话所用的 Agent 未连接。请重新连接它，或选择另一个 Agent，以该 Agent 的账号继续。 | 原始工作目录已不存在。 | 原 Agent 无法恢复此会话。 | 导入记录中没有兼容的运行时预设。 | 请先配置匹配的外部 Agent 预设。 | 已连接的 Agent 尚未验证 session/resume 能力。 | 有多个已连接的 Agent 与此来源匹配。请选择用哪一个恢复。 | 所有匹配的 Agent 都使用独立的运行时状态，无法读取此会话。请使用与运行时共享状态的 Agent 恢复。 | 匹配的外部 Agent 未连接或当前不可执行。","","","toast.error(t(`resumeErrors.${result.code}`), {
        ...(result.detail ? { description: result.detail } : {}),
      })"
"components/chat/markdown/shared-components.tsx","314","error","short-or-unresolved","false","false","false","6","0","表格操作失败","","","toast.error(t(""actionFailed""))"
"components/chat/markdown/shared-components.tsx","321","error","short-or-unresolved","false","false","false","6","0","表格操作失败","","","toast.error(t(""actionFailed""))"
"components/chat/markdown/shared-components.tsx","323","error","short-or-unresolved","false","false","false","6","0","表格操作失败","","","toast.error(t(""actionFailed""))"
"components/chat/memory-chips.tsx","101","error","short-or-unresolved","false","false","false","0","0","","","","toast.error(t(`memoryChips.errors.${result.reason}`))"
"components/chat/message-im-actions.tsx","96","error","runtime-detail","false","true","true","12","0","无法发送到 IM 会话。","","","toast.error(t(""sendToImFailed""), {
          description: err instanceof Error ? err.message : String(err),
        })"
"components/chat/message-im-actions.tsx","124","error","runtime-detail","false","false","true","0","0","","","","toast.error(err instanceof Error ? err.message : String(err))"
"components/chat/message-list.tsx","651","error","short-or-unresolved","false","false","false","11","0","该消息已不在此对话中。","","","toast.error(tJump(""notFound""))"
"components/chat/message-parts/artifact-part.tsx","144","error","runtime-detail","false","true","true","14","0","无法保存该 artifact","","","toast.error(t(""downloadFailed""), {
        description: error instanceof Error ? error.message : String(error),
      })"
"components/chat/message-parts/async-questions-card.tsx","151","error","short-or-unresolved","false","false","false","17","0","回答发送失败——聊天运行时不可用。","","","toast.error(t(""sendFailed""))"
"components/chat/message-parts/async-questions-card.tsx","175","error","short-or-unresolved","false","false","false","17","0","回答发送失败——聊天运行时不可用。","","","toast.error(t(""sendFailed""))"
"components/chat/message-parts/compact-boundary-part.tsx","108","error","short-or-unresolved","false","false","false","6","0","无法恢复对话","","","toast.error(tc(""undoFailed""))"
"components/chat/message-parts/file-tool-part.tsx","272","error","short-or-unresolved","false","false","false","15","0","该文件不在当前会话的工作区内。","","","toast.error(t(""openInWorkspaceOutOfScope""))"
"components/chat/message-parts/mcp-renderers/suggested-threads-card.tsx","71","error","runtime-detail","false","false","true","8","0","线程操作失败：…","","","toast.error(
        tRow(""actionFailed"", { error: error instanceof Error ? error.message : String(error) })
      )"
"components/chat/message-parts/mcp-renderers/workbench-file-link.tsx","100","error","short-or-unresolved","false","false","false","15","0","该文件不在当前会话的工作区内。","","","toast.error(t(""openInWorkspaceOutOfScope""))"
"components/chat/message-parts/reply-to-quote.tsx","48","error","short-or-unresolved","false","false","false","13","0","这条消息已不在当前会话中。","","","toast.error(t(""jumpFailed""))"
"components/chat/message-parts/sources-part.tsx","292","error","short-or-unresolved","false","false","false","8","0","该消息已不存在。","","","toast.error(t(""jumpMissing""))"
"components/chat/message-parts/sources-part.tsx","294","error","short-or-unresolved","false","false","false","8","0","该消息已不存在。","","","toast.error(t(""jumpMissing""))"
"components/chat/message-parts/sources-part.tsx","345","error","short-or-unresolved","false","false","false","6","0","未能记录反馈","","","toast.error(t(""feedbackFailed""))"
"components/chat/message-parts/sources-part.tsx","350","error","short-or-unresolved","false","false","false","6","0","未能记录反馈","","","toast.error(t(""feedbackFailed""))"
"components/chat/message-parts/sources-part.tsx","516","error","short-or-unresolved","false","false","false","12","0","引用的文档版本已不可用。","","","toast.error(
        t(
          code === ""revision_unavailable"" ||
            code === ""revision_out_of_scope"" ||
            code === ""chunk_unavailable""
            ? ""citationExpired""
            : code === ""source_unavailable""
              ? ""sourceUnavailable""
              : ""sourceLoadFailed""
        )
      )"
"components/chat/message-parts/subagent-part.tsx","97","error","short-or-unresolved","false","false","false","0","0","","","","toast.error(missingMessage)"
"components/chat/message-parts/usage-diagnostics-card.tsx","191","error","runtime-detail","false","false","true","6","0","复制失败：…","","","toast.error(t(""copyFailed"", { error: err instanceof Error ? err.message : String(err) }))"
"components/chat/message-parts/verification-verdict-part.tsx","70","error","short-or-unresolved","false","false","false","0","0","","","","toast.error(missingMessage)"
"components/chat/message-reactions.tsx","65","warning","short-or-unresolved","false","true","false","18","0","已在本地记录，但平台未接受这个回应。","","","toast.warning(t(""mirrorFailed""), { description: result.mirror.failed })"
"components/chat/message-reactions.tsx","68","error","runtime-detail","false","false","true","0","0","","","","toast.error(error instanceof Error ? error.message : String(error))"
"components/chat/message-renderer.tsx","656","error","short-or-unresolved","false","false","false","9","0","无法分享这条消息。","","","toast.error(t(""shareFailed""))"
"components/chat/message-renderer.tsx","667","error","short-or-unresolved","false","false","false","9","0","无法分享这条消息。","","","toast.error(t(""shareFailed""))"
"components/chat/message-renderer.tsx","699","error","short-or-unresolved","false","false","false","14","0","这条回复里没有可保存的内容。","","","toast.error(t(""saveAsMemoryEmpty""))"
"components/chat/message-renderer.tsx","706","error","runtime-detail","false","false","true","6","0","保存失败：…","","","toast.error(
        t(""saveAsMemoryFailed"", { reason: err instanceof Error ? err.message : String(err) })
      )"
"components/chat/message-renderer.tsx","723","error","short-or-unresolved","false","false","false","14","0","这条回复里没有可记录的内容。","","","toast.error(t(""saveAsIssueEmpty""))"
"components/chat/message-renderer.tsx","734","error","runtime-detail","false","false","true","6","0","创建失败：…","","","toast.error(
        t(""saveAsIssueFailed"", { reason: err instanceof Error ? err.message : String(err) })
      )"
"components/chat/message-selection-toolbar.tsx","259","error","short-or-unresolved","false","false","false","11","0","无法为这段内容开旁支。","","","toast.error(t(""askError""))"
"components/chat/minimap/conversation-timeline.tsx","317","error","short-or-unresolved","false","false","false","11","0","该消息已不在此对话中。","","","toast.error(tJump(""notFound""))"
"components/chat/minimap/conversation-timeline.tsx","327","error","short-or-unresolved","false","false","false","11","0","该消息已不在此对话中。","","","toast.error(tJump(""notFound""))"
"components/chat/renderers/chart-block.tsx","207","error","short-or-unresolved","false","false","false","6","0","无法导出图表","","","toast.error(t(""exportFailed""))"
"components/chat/renderers/chart-block.tsx","217","error","short-or-unresolved","false","false","false","6","0","无法导出图表","","","toast.error(t(""exportFailed""))"
"components/chat/renderers/chart-block.tsx","222","error","short-or-unresolved","false","false","false","6","0","无法导出图表","","","toast.error(t(""exportFailed""))"
"components/chat/session-communication-sheet.tsx","147","error","short-or-unresolved","false","false","false","9","0","无法创建附加会话。","","","toast.error(t(""attachedCreateError""))"
"components/chat/session-communication-sheet.tsx","160","error","short-or-unresolved","false","false","false","11","0","无法更新消息接收策略。","","","toast.error(t(""policyUpdateError""))"
"components/chat/session-communication-sheet.tsx","179","error","short-or-unresolved","false","false","false","7","0","无法发送消息。","","","toast.error(t(""sendError""))"
"components/chat/session-insights/session-insights-sheet.tsx","67","error","short-or-unresolved","false","false","false","11","0","在对话中找不到该轮次。","","","toast.error(t(""costTimeline.jumpFailed""))"
"components/chat/session-settings-sheet.tsx","446","error","short-or-unresolved","false","false","false","23","0","还没有可分支的内容 —— 这个对话还没有消息。","","","toast.error(t(""branchEmpty""))"
"components/chat/session-settings-sheet.tsx","458","error","short-or-unresolved","false","false","false","8","0","无法分支该对话。","","","toast.error(t(""branchError""))"
"components/chat/session-settings-sheet.tsx","469","error","short-or-unresolved","false","false","false","22","0","最大轮次必须是 1 到 100 之间的整数。","","","toast.error(t(""execution.maxTurnsInvalid""))"
"components/chat/session-settings-sheet.tsx","480","error","short-or-unresolved","false","false","false","13","0","环境变量 … 的名称无效。","","","toast.error(t(""execution.envNameInvalid"", { name: binding.name || ""?"" }))"
"components/chat/session-settings-sheet.tsx","484","error","short-or-unresolved","false","false","false","10","0","环境变量 … 重复。","","","toast.error(t(""execution.envNameDuplicate"", { name: binding.name }))"
"components/chat/session-settings-sheet.tsx","504","error","guidance-text","false","false","false","11","0","请输入 … 的密钥值。","","","toast.error(t(""execution.envSecretRequired"", { name: binding.name }))"
"components/chat/session-settings-sheet.tsx","521","error","short-or-unresolved","false","false","false","9","0","无法安全保存 …。","","","toast.error(t(""execution.envSecretSaveFailed"", { name: binding.name }))"
"components/chat/shared-session-join.tsx","37","error","guidance-text","false","false","false","30","0","请联网后再转换；消息与 Agent Run 不会被静默排队。","","","toast.error(t(""offlineConversion""))"
"components/chat/shared-session-join.tsx","44","error","guidance-text","false","false","false","20","0","请先登录并配置协作服务器，再共享此会话。","","","toast.error(t(""notConfigured""))"
"components/chat/shared-session-join.tsx","58","error","guidance-text","false","false","false","7","0","无法接受邀请。","","","toast.error(t(""inviteAcceptFailed""))"
"components/chat/shared-session-panel.tsx","241","error","runtime-detail","false","false","true","11","0","无法加载共享会话数据。","","","toast.error(error instanceof Error ? error.message : t(""loadFailed""))"
"components/chat/shared-session-panel.tsx","293","error","guidance-text","false","false","false","7","0","无法创建邀请。","","","toast.error(t(""inviteFailed""))"
"components/chat/shared-session-panel.tsx","310","error","guidance-text","false","false","false","18","0","无法退出对话，请刷新成员信息后重试。","","","toast.error(t(""leaveFailed""))"
"components/chat/shared-session-panel.tsx","334","error","runtime-detail","false","false","true","20","0","本地私有会话未被修改，可重试服务端草稿。","","","toast.error(error instanceof Error ? error.message : t(""conversionFailed""))"
"components/chat/shared-session-panel.tsx","382","error","runtime-detail","false","false","true","18","0","成员状态已在其他位置变化或无法更新。","","","toast.error(error instanceof Error ? error.message : t(""updateFailed""))"
"components/chat/shared-session-panel.tsx","396","error","runtime-detail","false","false","true","18","0","成员状态已在其他位置变化或无法更新。","","","toast.error(error instanceof Error ? error.message : t(""updateFailed""))"
"components/chat/shared-session-panel.tsx","417","error","runtime-detail","false","false","true","7","0","无法创建邀请。","","","toast.error(error instanceof Error ? error.message : t(""inviteFailed""))"
"components/chat/shared-session-panel.tsx","437","error","runtime-detail","false","false","true","7","0","无法接受邀请。","","","toast.error(error instanceof Error ? error.message : t(""inviteAcceptFailed""))"
"components/chat/shared-session-panel.tsx","454","error","runtime-detail","false","false","true","13","0","审批状态已变化或无法处理。","","","toast.error(error instanceof Error ? error.message : t(""approvalFailed""))"
"components/chat/shared-session-panel.tsx","468","error","runtime-detail","false","false","true","15","0","排队输入已发生变化或无法取消。","","","toast.error(error instanceof Error ? error.message : t(""queueUpdateFailed""))"
"components/chat/shared-session-panel.tsx","488","error","runtime-detail","false","false","true","9","0","无法授予紧急访问。","","","toast.error(error instanceof Error ? error.message : t(""breakGlassFailed""))"
"components/chat/shared-session-panel.tsx","508","error","runtime-detail","false","false","true","9","0","无法删除共享会话。","","","toast.error(error instanceof Error ? error.message : t(""deleteFailed""))"
"components/chat/skill-suggestion-card.tsx","35","error","short-or-unresolved","false","false","false","14","0","无法准备 Skill 审阅。","","","toast.error(t(""skillSuggestion.error""))"
"components/chat/targeted-invite-accept.tsx","60","error","short-or-unresolved","false","false","false","7","0","共享聊天已停用","","","toast.error(t(""featureDisabled""))"
"components/chat/targeted-invite-accept.tsx","67","error","guidance-text","false","false","false","20","0","请重新联网后再加入此会话，邀请仍然有效。","","","toast.error(t(""targetedInvite.offline""))"
"components/chat/targeted-invite-accept.tsx","74","error","guidance-text","false","false","false","20","0","请先登录并配置协作服务器，再共享此会话。","","","toast.error(t(""notConfigured""))"
"components/chat/targeted-invite-accept.tsx","80","error","guidance-text","false","true","false","7","24","无法接受邀请。","此邀请属于另一个组织，与当前应用登录的组织不同。","","toast.error(t(""inviteAcceptFailed""), { description: t(""targetedInvite.wrongOrg"") })"
"components/chat/targeted-invite-accept.tsx","92","error","guidance-text","false","false","false","7","0","无法接受邀请。","","","toast.error(t(""inviteAcceptFailed""))"
"components/chat/transcript-selection-bar.tsx","117","error","short-or-unresolved","false","false","false","14","0","所选消息里没有可引用的内容。","","","toast.error(t(""referenceEmpty""))"
"components/chat/transcript-selection-bar.tsx","125","error","short-or-unresolved","false","false","false","9","0","无法引用这些消息。","","","toast.error(t(""referenceFailed""))"
"components/chat/transcript-selection-bar.tsx","152","error","short-or-unresolved","false","false","false","14","0","所选消息里没有可复制的内容。","","","toast.error(t(""copyEmpty""))"
"components/chat/transcript-selection-bar.tsx","159","error","short-or-unresolved","false","false","false","9","0","无法复制到剪贴板。","","","toast.error(t(""copyFailed""))"
"components/chat/transcript-selection-bar.tsx","176","error","short-or-unresolved","false","false","false","14","0","所选消息里没有可保存的内容。","","","toast.error(t(""memoryEmpty""))"
"components/chat/transcript-selection-bar.tsx","183","error","runtime-detail","false","false","true","8","0","无法存为记忆：…","","","toast.error(
            t(""memoryFailed"", { reason: err instanceof Error ? err.message : String(err) })
          )"
"components/chat/transcript-selection-bar.tsx","203","error","short-or-unresolved","false","false","false","14","0","所选消息里没有可引用的内容。","","","toast.error(t(""referenceEmpty""))"
"components/chat/transcript-selection-bar.tsx","215","error","short-or-unresolved","false","false","false","9","0","无法引用这些消息。","","","toast.error(t(""referenceFailed""))"
"components/chat/truncate-from-dialog.tsx","93","error","short-or-unresolved","false","false","false","9","0","无法删除这些消息。","","","toast.error(t(""error""))"
"components/chat/workspace-changes-card.tsx","129","error","runtime-detail","false","false","true","11","0","无法撤销工作区改动：…","","","toast.error(t(""undoFailed"", { error: String(error) }))"
"components/chat/workspace-changes-card.tsx","144","error","runtime-detail","false","false","true","8","0","无法丢弃 …：…","","","toast.error(t(""discardFileFailed"", { path: file.path, error: String(error) }))"
"components/connectivity/tunnel-install-guide.tsx","72","error","short-or-unresolved","false","false","false","7","0","无法复制命令。","","","toast.error(t(""copyFailed""))"
"components/connectors/connector-deep-link-router.tsx","120","error","short-or-unresolved","false","false","false","0","0","","","","toast.error(t(""stateMismatch""))"
"components/connectors/connector-deep-link-router.tsx","130","error","short-or-unresolved","false","false","false","0","0","","","","toast.error(t(""unknownPlatform"", { platform: adapterType }))"
"components/connectors/connector-deep-link-router.tsx","136","error","short-or-unresolved","false","false","false","0","0","","","","toast.error(t(""noHandler"", { platform: adapterType }))"
"components/connectors/connector-deep-link-router.tsx","151","error","runtime-detail","false","false","true","0","0","","","","toast.error(
      t(""failed"", {
        platform: adapterType,
        reason: err instanceof Error ? err.message : String(err),
      })
    )"
"components/connectors/connector-deep-link-router.tsx","177","error","runtime-detail","false","false","true","8","0","无法开始授权：…","","","toast.error(tDocs(""settings.connectFailed"", { reason: outcome.reason }))"
"components/connectors/connector-deep-link-router.tsx","179","error","short-or-unresolved","false","false","false","12","0","该文档来源尚未连接账号。","","","toast.error(tDocs(""errors.notConfigured""))"
"components/context-workbench/aside-switcher.tsx","114","error","short-or-unresolved","false","false","false","7","0","无法新建旁支。","","","toast.error(t(""createError""))"
"components/context-workbench/aside-switcher.tsx","139","error","short-or-unresolved","false","false","false","5","0","操作失败。","","","toast.error(t(""actionError""))"
"components/context-workbench/aside-switcher.tsx","158","error","short-or-unresolved","false","false","false","5","0","操作失败。","","","toast.error(t(""actionError""))"
"components/context-workbench/panels/run-context-panel.tsx","112","error","runtime-detail","false","false","true","20","0","工作集已发生变化，请查看最新版本后重试。","","","toast.error(
        error instanceof WorkingSetConflictError
          ? t(""workingSet.revisionConflict"")
          : error instanceof Error
            ? error.message
            : String(error)
      )"
"components/context-workbench/panels/run-context-panel.tsx","129","error","runtime-detail","false","false","true","0","0","","","","toast.error(error instanceof Error ? error.message : String(error))"
"components/context-workbench/panels/run-context-panel.tsx","290","error","runtime-detail","false","false","true","0","0","","","","toast.error(error instanceof Error ? error.message : String(error))"
"components/context-workbench/session-usage/session-usage-panel.tsx","119","error","short-or-unresolved","false","false","false","11","0","该消息已不在此对话中。","","","toast.error(tJump(""notFound""))"
"components/data/export/schedule-card.tsx","72","error","runtime-detail","false","false","true","0","0","","","","toast.error(error instanceof Error ? error.message : String(error))"
"components/data/export/schedule-card.tsx","92","error","runtime-detail","false","false","true","14","0","无法打开云文件夹配置对话：…","","","toast.error(
        t(""cloudAiFailed"", {
          error: error instanceof Error ? error.message : String(error),
        })
      )"
"components/data/import/domain-import-dialog.tsx","81","error","short-or-unresolved","false","false","false","15","0","不是 Cognia 分项文件。","","","toast.error(t(""domain.importNotADomainFile""))"
"components/data/import/domain-import-dialog.tsx","85","error","short-or-unresolved","false","false","false","15","0","文件属于 …，与 … 不匹配。","","","toast.error(t(""domain.importDomainMismatch"", { expected: domain, actual: parsed.domain }))"
"components/data/import/domain-import-dialog.tsx","91","error","runtime-detail","false","false","true","0","0","","","","toast.error(err instanceof Error ? err.message : String(err))"
"components/data/import/domain-import-dialog.tsx","106","error","runtime-detail","false","false","true","0","0","","","","toast.error(err instanceof Error ? err.message : String(err))"
"components/desktop/desktop-chat-workspace.tsx","266","error","runtime-detail","false","false","true","0","0","","","","toast.error(errorMessage)"
"components/desktop/job-center-panel.tsx","165","error","runtime-detail","false","false","true","11","0","无法清除已结束任务：…","","","toast.error(t(""toast.clearFailed"", { error: errorMessage(err) }))"
"components/desktop/job-center-panel.tsx","408","error","runtime-detail","false","false","true","10","0","无法读取任务输出：…","","","toast.error(t(""toast.logFailed"", { error: errorMessage(error) }))"
"components/desktop/job-center-panel.tsx","418","error","runtime-detail","false","false","true","10","0","无法停止后台任务：…","","","toast.error(t(""toast.jobStopFailed"", { error: errorMessage(error) }))"
"components/desktop/job-center-panel.tsx","428","error","runtime-detail","false","false","true","14","0","无法取消 Monitor：…","","","toast.error(t(""toast.monitorCancelFailed"", { error: errorMessage(error) }))"
"components/desktop/job-center-panel.tsx","598","error","short-or-unresolved","false","false","false","11","0","这个后台运行已不可用。","","","toast.error(t(""toast.collectMissing""))"
"components/desktop/job-center-panel.tsx","602","error","short-or-unresolved","false","false","false","0","0","","","","toast.error(result.text)"
"components/desktop/job-center-panel.tsx","607","error","runtime-detail","false","false","true","10","0","无法收集后台结果：…","","","toast.error(t(""toast.collectFailed"", { error: errorMessage(err) }))"
"components/desktop/job-center-panel.tsx","628","error","short-or-unresolved","false","false","false","12","0","这个后台运行已无法取消。","","","toast.error(t(""toast.cancelUnavailable""))"
"components/desktop/job-center-panel.tsx","639","error","runtime-detail","false","false","true","8","0","无法重新运行：…","","","toast.error(t(""toast.rerunFailed"", { reason: outcome.message }))"
"components/desktop/title-bar.tsx","609","error","runtime-detail","false","false","true","8","0","无法打开终端：…","","","toast.error(t(""terminalSpawnError"", { message: outcome.message }))"
"components/desktop/title-bar.tsx","610","error","short-or-unresolved","false","false","false","7","0","终端被插件拦截","","","toast.error(t(""terminalSpawnDenied""))"
"components/devices/device-console.tsx","198","error","runtime-detail","false","true","true","8","0","无法刷新设备列表","","","toast.error(t(""actions.refreshFailed""), {
                    description: error instanceof Error ? error.message : String(error),
                  })"
"components/devices/sections/runtime-section.tsx","451","error","guidance-text","false","false","false","0","0","Docker 中已经没有 … 对应的容器了。请在下方启动以重新创建。 | … 已挂起。请在下方恢复，它的内存会一并回来。 | … 已停止。请在下方启动。不在绑定挂载上的内容依然还在。","","","toast.error(t(`runtime.machines.shellState.${outcome.state}`, { name: connection.name }))"
"components/devices/sections/runtime-section.tsx","455","error","short-or-unresolved","false","false","false","45","0","进入机器的 shell 会在机器所在的电脑上运行。这些机器属于本机，而终端当前指向了别处。","","","toast.error(t(""runtime.machines.shellWrongHost""))"
"components/devices/sections/runtime-section.tsx","458","error","runtime-detail","false","true","true","15","0","无法在该机器中打开 shell","","","toast.error(t(""runtime.machines.shellFailed""), { description: outcome.message })"
"components/discover/discover-inspector.tsx","216","error","runtime-detail","false","true","true","6","0","无法更新收藏","","","toast.error(t(""favorite.failed""), {
        description: err instanceof Error ? err.message : String(err),
      })"
"components/discover/discover-inspector.tsx","303","error","runtime-detail","false","true","true","11","0","无法打开与 … 的聊天","","","toast.error(t(""inspector.startChatFailed"", { name: character.name }), {
        description: err instanceof Error ? err.message : String(err),
      })"
"components/discover/discover-inspector.tsx","372","error","runtime-detail","false","true","true","11","0","无法与 … 开始新会话","","","toast.error(t(""inspector.newTeamConversationFailed"", { name: team.name }), {
        description: err instanceof Error ? err.message : String(err),
      })"
"components/discover/discover-inspector.tsx","461","error","runtime-detail","false","false","true","0","0","","","","toast.error(result.error)"
"components/discover/discover-inspector.tsx","472","error","runtime-detail","false","false","true","0","0","","","","toast.error(err instanceof Error ? err.message : String(err))"
"components/discover/discover-inspector.tsx","725","error","runtime-detail","false","false","true","0","0","","","","toast.error(err instanceof Error ? err.message : String(err))"
"components/discover/discover-inspector.tsx","1023","error","runtime-detail","false","false","true","0","0","","","","toast.error(error instanceof Error ? error.message : String(error))"
"components/discover/plugin-marketplace-sheet.tsx","171","error","runtime-detail","false","false","true","0","0","","","","toast.error(err instanceof Error ? err.message : String(err))"
"components/editor/project/code-server-pane.tsx","140","warning","runtime-detail","false","false","true","0","0","","","","toast.warning(message, { duration: 15_000 })"
"components/editor/project/code-server-pane.tsx","141","error","runtime-detail","false","false","true","0","0","","","","toast.error(message)"
"components/editor/project/editor-engine-toggle.tsx","113","error","runtime-detail","false","false","true","16","0","无法打开本机 VS Code：…","","","toast.error(t(""proIde.localVsCodeFailed"", { error: String(cause) }))"
"components/editor/project/project-editor-workbench.tsx","749","error","runtime-detail","false","false","true","6","0","保存失败：…","","","toast.error(t(""saveFailed"", { error: String(error) }))"
"components/editor/project/project-editor-workbench.tsx","754","error","runtime-detail","false","false","true","6","0","保存失败：…","","","toast.error(t(""saveFailed"", { error: String(error) }))"
"components/editor/project/project-editor-workbench.tsx","768","error","runtime-detail","false","false","true","6","0","保存失败：…","","","toast.error(t(""saveFailed"", { error: String(error) }))"
"components/editor/project/project-editor-workbench.tsx","1636","error","runtime-detail","false","true","true","8","0","… … 失败：… | 新建 | 删除 | 读取 | 读取 | 重命名 | 写入 | 机器空间不足，读不出这个目录。 | 这个目录正被占用，读不出来。 | 你没有读取这个目录的权限。 | 这个目录已经不在了。 | 宿主拒绝读取这个目录。 | 无法到达这个目录。","","","toast.error(
        t(""treeFailureToast"", {
          operation: t(`treeOperation.${operation}`),
          path: relPath || rootPath,
          reason: t(`treeFailure.${failure.kind}`),
        }),
        { description: failure.detail ?? undefined }
      )"
"components/editor/project/project-editor-workbench.tsx","1664","error","runtime-detail","false","false","true","6","0","保存失败：…","","","toast.error(t(""saveFailed"", { error: String(error) }))"
"components/editor/project/project-editor-workbench.tsx","1681","error","runtime-detail","false","false","true","10","0","无法读取磁盘副本：…","","","toast.error(t(""sync.compareFailed"", { error: String(error) }))"
"components/editor/project/project-editor-workbench.tsx","1736","error","short-or-unresolved","false","false","false","11","0","无法将 … 添加到聊天","","","toast.error(t(""agent.addToChatFailed"", { name: relPath.split(""/"").pop() || relPath }))"
"components/editor/project/project-editor-workbench.tsx","1888","error","runtime-detail","false","false","true","9","0","无法显示该文件：…","","","toast.error(t(""revealSystemFailed"", { error: String(error) }))"
"components/editor/project/project-editor-workbench.tsx","2565","error","runtime-detail","false","false","true","6","0","保存失败：…","","","toast.error(t(""saveFailed"", { error: String(error) }))"
"components/editor/project/project-editor-workbench.tsx","2634","error","runtime-detail","false","false","true","6","0","保存失败：…","","","toast.error(t(""saveFailed"", { error: String(error) }))"
"components/error/error-page.tsx","491","error","short-or-unresolved","false","false","false","0","0","","","","toast.error(copy.exportCrashLogFailed)"
"components/error/error-report-actions.tsx","114","error","short-or-unresolved","false","false","false","0","0","","","","toast.error(copy.copyReportFailed)"
"components/error/error-report-actions.tsx","133","error","short-or-unresolved","false","false","false","0","0","","","","toast.error(copy.reportIssueFailed)"
"components/files-library/files-delete-folder-dialog.tsx","77","error","guidance-text","false","false","false","10","0","出了点问题，请重试。","","","toast.error(t(""errors.unknown""))"
"components/files-library/files-folder-dialog.tsx","52","error","guidance-text","false","false","false","0","0","此项无法在对话中使用。 | 此项没有可用的内容。 | 此项内容已不在本设备上。 | 文件夹不能移到自身之中。 | 请输入文件夹名称。 | 上级文件夹已不存在。 | 该文件夹已不存在。 | 只有上传到文件的内容才能在这里删除。 | 上传到文件的内容只能删除，不能移除。 | 此项内容已不在本设备上。 | 已存在标识相同但内容不同的文件。 | 文件的提取文本与文件不一致。 | 无法读取该文件。 | 该文件已不在本设备上。 | 存储空间不足。请在 设置 → 存储 中释放空间。 | 保存文件时账户发生了切换。 | 该对话已不存在。 | 文件超过 500 MB。 | 出了点问题，请重试。","","","toast.error(t(`errors.${error instanceof LibraryFolderError ? error.code : ""unknown""}`))"
"components/goal/goal-quick-create-dialog.tsx","99","error","runtime-detail","false","true","true","6","0","无法启动目标","","","toast.error(t(""failed""), {
        description: err instanceof Error ? err.message : String(err),
      })"
"components/goal/tabs/settings-tab.tsx","233","error","runtime-detail","false","false","true","0","0","","","","toast.error(outcome.result.summary)"
"components/goal/tabs/settings-tab.tsx","234","error","runtime-detail","false","false","true","0","0","","","","toast.error(outcome.error)"
"components/goal/tabs/settings-tab.tsx","237","error","runtime-detail","false","false","true","0","0","","","","toast.error(error instanceof Error ? error.message : String(error))"
"components/inbox/adapter-health-badge.tsx","61","error","short-or-unresolved","false","false","false","8","0","重连需要桌面端。","","","toast.error(t(""reconnectDesktopOnly""))"
"components/inbox/adapter-health-badge.tsx","67","dynamic","short-or-unresolved","false","false","false","11","0","重连已排队。 | 运行时未注册该适配器。","","","toast[ok ? ""success"" : ""error""](ok ? t(""reconnectQueued"") : t(""reconnectUnavailable""))"
"components/inbox/adapter-health-badge.tsx","70","error","runtime-detail","false","false","true","0","0","","","","toast.error(err instanceof Error ? err.message : String(err))"
"components/inbox/assignee-chip.tsx","77","error","runtime-detail","false","false","true","0","0","","","","toast.error(err instanceof Error ? err.message : String(err))"
"components/inbox/connection-loss-banner.tsx","35","error","short-or-unresolved","false","false","false","8","0","仅桌面端支持重连","","","toast.error(t(""reconnectDesktopOnly""))"
"components/inbox/connection-loss-banner.tsx","42","error","short-or-unresolved","false","false","false","4","0","无法重连","","","toast.error(t(""reconnectUnavailable""))"
"components/inbox/connection-loss-banner.tsx","44","error","runtime-detail","false","false","true","0","0","","","","toast.error(err instanceof Error ? err.message : String(err))"
"components/inbox/contact-profile-drawer.tsx","107","error","guidance-text","false","false","false","0","0","该身份已合并到另一个联系人，请编辑那个联系人。 | 该联系人已不存在。","","","toast.error(t(`errors.profile_${result.reason}`))"
"components/inbox/contact-profile-drawer.tsx","110","error","guidance-text","false","false","false","14","0","身份变更失败，请刷新后重试。","","","toast.error(t(""errors.unexpected""))"
"components/inbox/contact-profile-drawer.tsx","168","error","runtime-detail","false","false","true","0","0","","","","toast.error(unmergeError(result.reason))"
"components/inbox/contact-profile-drawer.tsx","170","error","guidance-text","false","false","false","14","0","身份变更失败，请刷新后重试。","","","toast.error(t(""errors.unexpected""))"
"components/inbox/conversation-list.tsx","324","error","guidance-text","false","false","false","11","0","无法更新对话，请重试。","","","toast.error(t(""operationFailed""))"
"components/inbox/conversation-list.tsx","330","error","guidance-text","false","false","false","11","0","无法更新对话，请重试。","","","toast.error(t(""operationFailed""))"
"components/inbox/debug/callback-bindings-inspector.tsx","111","error","short-or-unresolved","false","false","false","8","0","复制到剪贴板失败","","","toast.error(t(""copyFailed""))"
"components/inbox/debug/callback-bindings-inspector.tsx","130","error","runtime-detail","false","false","true","0","0","","","","toast.error(err instanceof Error ? err.message : String(err))"
"components/inbox/debug/callback-bindings-inspector.tsx","141","error","runtime-detail","false","false","true","0","0","","","","toast.error(err instanceof Error ? err.message : String(err))"
"components/inbox/label-picker.tsx","49","error","runtime-detail","false","false","true","0","0","","","","toast.error(err instanceof Error ? err.message : String(err))"
"components/inbox/lifecycle-status-chip.tsx","65","error","runtime-detail","false","false","true","0","0","","","","toast.error(err instanceof Error ? err.message : String(err))"
"components/inbox/overrides/computer-use-toggle.tsx","92","error","runtime-detail","false","false","true","0","0","","","","toast.error(err instanceof Error ? err.message : String(err))"
"components/issues/create-issue-page.tsx","1012","error","short-or-unresolved","false","false","false","0","0","","","","toast.error(t(""create.ai.noModel""))"
"components/issues/create-issue-page.tsx","1114","error","short-or-unresolved","false","false","false","0","0","","","","toast.error(t(""create.ai.failed""))"
"components/issues/cycles/cycle-editor-list.tsx","173","error","runtime-detail","false","false","true","0","0","","","","toast.error(cause instanceof Error ? cause.message : String(cause))"
"components/issues/cycles/cycle-editor-list.tsx","183","error","runtime-detail","false","false","true","0","0","","","","toast.error(cause instanceof Error ? cause.message : String(cause))"
"components/issues/deliverables/issue-run-artifact-link.tsx","44","error","short-or-unresolved","false","false","false","13","0","创建此产物的对话已不存在。","","","toast.error(t(""deliverables.conversationGone""))"
"components/issues/import/import-issues-dialog.tsx","140","error","runtime-detail","false","false","true","15","0","新建 … 个，失败 … 个：…","","","toast.error(
          t(""import.failed"", {
            created: outcome.created,
            failed: outcome.failed,
            reason: outcome.errors[0]?.error ?? """",
          })
        )"
"components/issues/import/import-issues-dialog.tsx","153","error","runtime-detail","false","false","true","0","0","","","","toast.error(cause instanceof Error ? cause.message : String(cause))"
"components/issues/issue-console.tsx","464","dynamic","runtime-detail","false","false","true","0","0","","","","toast[level](message)"
"components/issues/issue-console.tsx","467","error","runtime-detail","false","false","true","0","0","","","","toast.error(cause instanceof Error ? cause.message : String(cause))"
"components/issues/issue-console.tsx","531","error","short-or-unresolved","false","false","false","9","0","… 个议题更新失败","","","toast.error(t(""bulk.failed"", { count: outcome.failed }))"
"components/issues/issue-console.tsx","534","error","guidance-text","false","false","false","7","0","该议题归属于 …，无法在这里移动。 | 不允许这样移动。 | 有 Agent 正在处理这个议题 —— 请等待运行结束。 | 本地 | 没有可更改的项","","","toast.error(
          outcome.reason
            ? t(`board.denied.${outcome.reason}`, { source: t(""source.local"") })
            : t(""bulk.nothing"")
        )"
"components/issues/issue-console.tsx","540","warning","short-or-unresolved","false","false","false","16","0","已更新 … 个议题，跳过 … 个","","","toast.warning(t(""bulk.skipped"", { count: outcome.applied, skipped: outcome.skipped }))"
"components/issues/issue-console.tsx","595","error","guidance-text","false","false","false","2","0","该议题归属于 …，无法在这里移动。 | 不允许这样移动。 | 有 Agent 正在处理这个议题 —— 请等待运行结束。 | Agent 任务 | Agent 团队 | 共享 | 2 个数据源加载失败 | GitHub | 本地 | 只读 —— 由 … 管理","","","toast.error(
        t(`board.denied.${action.reason}`, {
          source: item ? t(`source.${item.kind}`) : t(""source.local""),
        })
      )"
"components/issues/issue-console.tsx","613","error","guidance-text","false","false","false","2","0","该议题归属于 …，无法在这里移动。 | 不允许这样移动。 | 有 Agent 正在处理这个议题 —— 请等待运行结束。 | 本地","","","toast.error(t(`board.denied.${denial}`, { source: t(""source.local"") }))"
"components/issues/issue-detail-panel.tsx","203","error","runtime-detail","false","false","true","0","0","","","","toast.error(cause instanceof Error ? cause.message : String(cause))"
"components/issues/issue-detail-panel.tsx","212","error","runtime-detail","false","false","true","0","0","","","","toast.error(cause instanceof Error ? cause.message : String(cause))"
"components/issues/issue-detail-panel.tsx","269","error","runtime-detail","false","false","true","0","0","","","","toast.error(cause instanceof Error ? cause.message : String(cause))"
"components/issues/issue-detail-panel.tsx","696","error","runtime-detail","false","false","true","0","0","","","","toast.error(
                                    cause instanceof Error ? cause.message : String(cause)
                                  )"
"components/issues/link-github-issue-dialog.tsx","85","error","runtime-detail","false","false","true","0","0","","","","toast.error(cause instanceof Error ? cause.message : String(cause))"
"components/issues/projects/create-project-dialog.tsx","84","error","runtime-detail","false","false","true","0","0","","","","toast.error(cause instanceof Error ? cause.message : String(cause))"
"components/issues/projects/project-console.tsx","143","dynamic","runtime-detail","false","false","true","0","0","","","","toast[level](message)"
"components/issues/projects/project-console.tsx","145","error","runtime-detail","false","false","true","0","0","","","","toast.error(cause instanceof Error ? cause.message : String(cause))"
"components/issues/projects/project-console.tsx","155","error","runtime-detail","false","false","true","0","0","","","","toast.error(cause instanceof Error ? cause.message : String(cause))"
"components/issues/projects/project-console.tsx","177","error","runtime-detail","false","false","true","0","0","","","","toast.error(cause instanceof Error ? cause.message : String(cause))"
"components/issues/publish-issue-dialog.tsx","76","error","runtime-detail","false","false","true","13","0","没有已启用的 GitHub 账号。请在「设置 → 连接」中连接一个。 | GitHub delivery 插件不可用。请先启用它再试。 | 发布 Issue 失败：…","","","toast.error(
        cause instanceof GithubWritebackError && cause.code !== ""rejected""
          ? t(`writeback.error.${cause.code}`)
          : t(""publish.failed"", { reason: cause instanceof Error ? cause.message : String(cause) })
      )"
"components/issues/runs/issue-run-steer.tsx","74","error","guidance-text","false","false","false","37","0","这次运行没有接收该消息：它的回合可能已关闭输入，或文本被拦下。请改为留言。","","","toast.error(t(""run.steerRefused""))"
"components/issues/wakeups/issue-wakeups-section.tsx","163","error","runtime-detail","false","false","true","0","0","","","","toast.error(describeWakeupWriteError(error, t))"
"components/labels/label-catalogue-editor.tsx","103","error","short-or-unresolved","false","false","false","0","0","","","","toast.error(strings.nameRequired)"
"components/labels/label-catalogue-editor.tsx","118","error","runtime-detail","false","false","true","0","0","","","","toast.error(cause instanceof Error ? cause.message : String(cause))"
"components/labels/label-catalogue-editor.tsx","128","error","runtime-detail","false","false","true","0","0","","","","toast.error(cause instanceof Error ? cause.message : String(cause))"
"components/labels/label-catalogue-editor.tsx","145","error","runtime-detail","false","false","true","0","0","","","","toast.error(cause instanceof Error ? cause.message : String(cause))"
"components/logging/crash-diagnostics-workspace.tsx","594","error","short-or-unresolved","false","false","false","0","0","","","","toast.error(messages.failure)"
"components/logging/diagnostics-workspace.tsx","421","error","runtime-detail","false","false","true","10","0","无法删除崩溃报告：…","","","toast.error(
        t(""delete.failed"", { error: error instanceof Error ? error.message : String(error) })
      )"
"components/logging/log-detail-panel.tsx","242","error","short-or-unresolved","false","false","false","8","0","无法复制到剪贴板","","","toast.error(t(""panel.copyFailed""))"
"components/logging/log-entry.tsx","198","error","short-or-unresolved","false","false","false","0","0","","","","toast.error(t(""panel.copyFailed""))"
"components/logging/log-panel-toolbar.tsx","482","error","short-or-unresolved","false","false","false","8","0","复制分享链接失败","","","toast.error(t(""panel.shareUrlFailed""))"
"components/logging/log-panel.tsx","693","error","runtime-detail","false","true","true","6","0","无法清除日志","","","toast.error(t(""panel.clearFailedToast""), {
          description: err instanceof Error ? err.message : String(err),
        })"
"components/logging/service-console-workspace.tsx","506","error","short-or-unresolved","false","false","false","7","0","无法下载该制品","","","toast.error(t(""incident.downloadFailed""))"
"components/logging/service-console-workspace.tsx","515","error","short-or-unresolved","false","false","false","7","0","无法下载该制品","","","toast.error(t(""incident.downloadFailed""))"
"components/logging/service-console-workspace.tsx","520","error","short-or-unresolved","false","false","false","7","0","无法下载该制品","","","toast.error(t(""incident.downloadFailed""))"
"components/logging/trace-export-menu.tsx","80","error","short-or-unresolved","false","false","false","7","0","无法写入剪贴板","","","toast.error(t(""copyFailed""))"
"components/logging/trace-export-menu.tsx","92","error","runtime-detail","false","false","true","6","0","导出失败：…","","","toast.error(t(""saveFailed"", { message: outcome.message }))"
"components/memory/external/external-memory-editor.tsx","106","error","runtime-detail","false","false","true","4","0","保存失败","","","toast.error(t(""toast.saveFailed"", { error: e instanceof Error ? e.message : String(e) }))"
"components/memory/memory-conflict-resolver.tsx","69","error","short-or-unresolved","false","false","false","0","0","","","","toast.error(tErrors(result.reason))"
"components/memory/memory-conflict-resolver.tsx","76","error","guidance-text","false","false","false","10","0","记忆操作失败，请重试","","","toast.error(tErrors(""mutation_failed""))"
"components/memory/memory-conflict-resolver.tsx","197","error","short-or-unresolved","false","false","false","0","0","","","","toast.error(tErrors(result.reason))"
"components/memory/memory-conflict-resolver.tsx","203","error","guidance-text","false","false","false","10","0","记忆操作失败，请重试","","","toast.error(tErrors(""mutation_failed""))"
"components/memory/memory-console.tsx","230","error","short-or-unresolved","false","false","false","0","0","","","","toast.error(tErrors(result.reason))"
"components/memory/memory-console.tsx","236","warning","short-or-unresolved","false","false","false","18","0","已保存——其中的个人信息已先行脱敏。","","","toast.warning(t(""piiRedacted""))"
"components/memory/memory-console.tsx","239","error","guidance-text","false","false","false","10","0","记忆操作失败，请重试","","","toast.error(tErrors(""mutation_failed""))"
"components/memory/memory-console.tsx","356","error","guidance-text","false","false","false","28","0","… 项成功，… 项失败。失败的记忆仍保持选中，可以重试。","","","toast.error(tBulk(""partialFailure"", { succeeded, failed: commands.length - succeeded }))"
"components/mobile/automation/host-automation-panel.tsx","109","error","runtime-detail","false","true","true","7","0","无法停止自动化","","","toast.error(t(""haltFailed""), {
        description: err instanceof Error ? err.message : String(err),
      })"
"components/mobile/automation/mobile-consent-sheet.tsx","73","error","runtime-detail","false","false","true","7","0","批准未完成。…","","","toast.error(tm(""biometricBlocked"", { reason: blockReason(result.reason) }))"
"components/mobile/backup/mobile-backup-section.tsx","139","error","runtime-detail","false","false","true","7","0","已取消导出。…","","","toast.error(t(""biometricBlocked"", { reason: blockReason(outcome.reason) }))"
"components/mobile/backup/mobile-backup-section.tsx","142","error","runtime-detail","false","false","true","6","0","备份失败：…","","","toast.error(t(""exportFailed"", { message: err instanceof Error ? err.message : String(err) }))"
"components/mobile/backup/mobile-backup-section.tsx","189","error","guidance-text","false","false","false","20","0","无法更新备份提醒，请检查通知权限后重试。","","","toast.error(t(""reminderFailed""))"
"components/mobile/backup/mobile-backup-section.tsx","254","error","guidance-text","false","false","false","33","0","导入前请先输入备份口令（至少 8 位）——移动端备份始终是加密的。","","","toast.error(t(""importPassphraseRequired""))"
"components/mobile/backup/mobile-backup-section.tsx","263","error","short-or-unresolved","false","false","false","14","0","口令错误——无法解密该备份。","","","toast.error(t(""importWrongPassphrase""))"
"components/mobile/backup/mobile-backup-section.tsx","278","error","runtime-detail","false","false","true","6","0","恢复失败：…","","","toast.error(t(""importFailed"", { message: err instanceof Error ? err.message : String(err) }))"
"components/mobile/chat/message-action-sheet.tsx","248","error","runtime-detail","false","false","true","6","0","复制失败：…","","","toast.error(t(""copyFailed"", { message: err instanceof Error ? err.message : String(err) }))"
"components/mobile/chat/message-action-sheet.tsx","270","error","runtime-detail","false","false","true","6","0","复制失败：…","","","toast.error(t(""copyFailed"", { message: err instanceof Error ? err.message : String(err) }))"
"components/mobile/chat/message-action-sheet.tsx","308","error","runtime-detail","false","false","true","8","0","重新发送失败：…","","","toast.error(t(""editFailed"", { message: err instanceof Error ? err.message : String(err) }))"
"components/mobile/chat/message-action-sheet.tsx","324","error","runtime-detail","false","false","true","8","0","重新发送失败：…","","","toast.error(t(""editFailed"", { message: err instanceof Error ? err.message : String(err) }))"
"components/mobile/chat/message-action-sheet.tsx","341","error","runtime-detail","false","false","true","6","0","删除失败：…","","","toast.error(t(""deleteFailed"", { message: err instanceof Error ? err.message : String(err) }))"
"components/mobile/chat/message-action-sheet.tsx","357","error","short-or-unresolved","false","false","false","9","0","此设备不支持分享。","","","toast.error(t(""shareUnsupported""))"
"components/mobile/chat/message-action-sheet.tsx","360","error","runtime-detail","false","false","true","6","0","分享失败：…","","","toast.error(t(""shareFailed"", { message: out.message }))"
"components/mobile/chat/message-text-selection-sheet.tsx","165","error","short-or-unresolved","false","false","false","11","0","无法引用这段选中内容。","","","toast.error(tSelection(""referenceError""))"
"components/mobile/chat/message-text-selection-sheet.tsx","174","error","short-or-unresolved","false","false","false","11","0","无法引用这段选中内容。","","","toast.error(tSelection(""referenceError""))"
"components/mobile/connection-state-badge.tsx","160","error","runtime-detail","false","false","true","8","0","同步失败（…）。","","","toast.error(t(""toasts.syncFailed"", { message: err instanceof Error ? err.message : """" }))"
"components/mobile/connection-state-sheets/connection-diagnostics-sheet.tsx","130","error","runtime-detail","false","false","true","8","0","同步失败（…）。","","","toast.error(
        tShared(""toasts.syncFailed"", {
          message: err instanceof Error ? err.message : """",
        })
      )"
"components/mobile/connection-state-sheets/connection-diagnostics-sheet.tsx","147","error","runtime-detail","false","false","true","8","0","同步失败（…）。","","","toast.error(
          tShared(""toasts.syncFailed"", {
            message: err instanceof Error ? err.message : """",
          })
        )"
"components/mobile/connector/connector-policy-sheet.tsx","221","error","runtime-detail","false","false","true","6","0","保存失败：…","","","toast.error(t(""saveFailed"", { message: err instanceof Error ? err.message : String(err) }))"
"components/mobile/devices/devices-mobile-body.tsx","197","error","runtime-detail","false","true","true","8","0","无法刷新设备列表","","","toast.error(t(""actions.refreshFailed""), {
                  description: error instanceof Error ? error.message : String(error),
                })"
"components/mobile/discover/character-detail-sheet.tsx","137","error","runtime-detail","false","false","true","6","0","保存失败：…","","","toast.error(t(""saveFailed"", { message: err instanceof Error ? err.message : String(err) }))"
"components/mobile/discover/character-detail-sheet.tsx","146","error","short-or-unresolved","false","false","false","9","0","内置角色不可删除。","","","toast.error(t(""cannotDeleteBuiltIn""))"
"components/mobile/discover/character-detail-sheet.tsx","160","error","runtime-detail","false","false","true","6","0","删除失败：…","","","toast.error(t(""deleteFailed"", { message: err instanceof Error ? err.message : String(err) }))"
"components/mobile/discover/plugins-panel.tsx","47","error","runtime-detail","false","false","true","6","0","切换失败：…","","","toast.error(t(""toggleFailed"", { message: result.error ?? """" }))"
"components/mobile/discover/twin-sources-panel.tsx","211","error","guidance-text","false","false","false","11","0","相机调用失败，请重试。","","","toast.error(t(""cameraError.unknown""))"
"components/mobile/discover/twin-sources-panel.tsx","231","error","guidance-text","false","false","false","0","0","需要相机权限。 | 相机调用失败，请重试。 | 当前平台不支持相机。","","","toast.error(t(`cameraError.${errorKey}`))"
"components/mobile/external-agents/add-external-agent-form.tsx","211","error","runtime-detail","false","false","true","0","0","","","","toast.error(message)"
"components/mobile/external-agents/desktop-local-agents.tsx","113","error","runtime-detail","false","false","true","8","0","无法保存更改：…","","","toast.error(
          t(""toggleFailed"", { message: err instanceof Error ? err.message : String(err) })
        )"
"components/mobile/external-agents/duplicate-host-agent-sheet.tsx","143","error","runtime-detail","false","false","true","0","0","","","","toast.error(message)"
"components/mobile/fleet/mobile-fleet-permission-actions.tsx","38","error","short-or-unresolved","false","false","false","6","0","已在桌面处理","","","toast.error(t(""expired""))"
"components/mobile/fleet/mobile-fleet-permission-actions.tsx","40","error","guidance-text","false","false","false","11","0","远程控制权限已被撤销。 | 发送失败——请重试。","","","toast.error(isControlForbidden(err) ? t(""controlLost"") : t(""failed""))"
"components/mobile/fleet/mobile-fleet-question-actions.tsx","82","error","guidance-text","false","false","false","16","0","回答窗口已关闭，请在终端里回答。","","","toast.error(t(""expired""))"
"components/mobile/fleet/mobile-fleet-question-actions.tsx","84","error","short-or-unresolved","false","false","false","11","0","远程控制权限已被撤销。 | 回答发送失败。","","","toast.error(isControlForbidden(err) ? t(""controlLost"") : t(""failed""))"
"components/mobile/fleet/mobile-fleet-question-actions.tsx","96","error","guidance-text","false","false","false","16","0","回答窗口已关闭，请在终端里回答。","","","toast.error(t(""expired""))"
"components/mobile/fleet/mobile-fleet-question-actions.tsx","98","error","short-or-unresolved","false","false","false","11","0","远程控制权限已被撤销。 | 回答发送失败。","","","toast.error(isControlForbidden(err) ? t(""controlLost"") : t(""failed""))"
"components/mobile/fleet/mobile-fleet-reply.tsx","34","error","guidance-text","false","false","false","10","0","发送失败——请重试。","","","toast.error(t(""failed""))"
"components/mobile/fleet/mobile-fleet-row.tsx","102","error","short-or-unresolved","false","false","false","7","0","无法聚焦终端。","","","toast.error(t(""focusFailed""))"
"components/mobile/goals/goal-run-controls.tsx","49","error","guidance-text","false","false","false","13","0","无法连接桌面端——请重试。","","","toast.error(t(""remote.failed""))"
"components/mobile/issues/issue-create-sheet.tsx","72","error","runtime-detail","false","false","true","0","0","","","","toast.error(cause instanceof Error ? cause.message : String(cause))"
"components/mobile/issues/issue-mobile-actions.tsx","54","error","runtime-detail","false","false","true","0","0","","","","toast.error(cause instanceof Error ? cause.message : String(cause))"
"components/mobile/me/device-info-card.tsx","225","error","short-or-unresolved","false","false","false","8","0","生物识别验证失败","","","toast.error(t(""toastTestFailed""))"
"components/mobile/me/notification-preferences-section.tsx","121","error","button","true","false","false","42","0","Cognia 没有发送通知的权限。请在系统设置中为本应用允许通知，然后再打开此开关。","","{ label: t(""openSettings""), onClick: () => void openAppSettings() }","toast.error(t(""channelDenied""), {
          action: { label: t(""openSettings""), onClick: () => void openAppSettings() },
        })"
"components/mobile/me/notification-preferences-section.tsx","125","error","short-or-unresolved","false","false","false","35","0","此设备无法设置推送通知，例如设备上没有 Google Play 服务。 | 此设备无法使用系统通知。","","","toast.error(t(c === ""push"" ? ""pushUnavailable"" : ""osUnavailable""))"
"components/mobile/me/sign-out-button.tsx","57","error","guidance-text","false","false","false","13","0","尝试次数过多，请稍后再试。","","","toast.error(t(""lockoutToast""))"
"components/mobile/me/sign-out-button.tsx","60","error","runtime-detail","false","false","true","6","0","退出失败：…","","","toast.error(t(""errorToast"", { reason: outcome.message ?? """" }))"
"components/mobile/me/storage-breakdown-card.tsx","88","error","runtime-detail","false","false","true","0","0","","","","toast.error(err instanceof Error ? err.message : String(err))"
"components/mobile/me/storage-cleanup-sheet.tsx","50","error","runtime-detail","false","false","true","0","0","","","","toast.error(err instanceof Error ? err.message : String(err))"
"components/mobile/me/storage-usage-card.tsx","78","error","short-or-unresolved","false","false","false","19","0","浏览器暂未授予。多使用一段时间后再试。","","","toast.error(t(""requestPersistenceDenied""))"
"components/mobile/me/storage-usage-card.tsx","79","error","short-or-unresolved","false","false","false","12","0","此设备不支持持久化存储。","","","toast.error(t(""requestPersistenceUnsupported""))"
"components/mobile/me/sync-status-panel.tsx","183","error","guidance-text","false","false","false","25","0","尚未配对宿主，没有可同步的来源。请先配对一台宿主。","","","toast.error(t(""toastNoHost""))"
"components/mobile/me/sync-status-panel.tsx","185","error","runtime-detail","false","false","true","15","0","无法同步 …：… | … 张表中有 … 张同步失败。","","","toast.error(
            only
              ? t(""toastTableFailed"", { table: humanizeKey(only), reason: failures[0].message })
              : t(""toastSomeFailed"", { failed: failures.length, total: outcomes.length })
          )"
"components/mobile/me/sync-status-panel.tsx","197","error","runtime-detail","false","false","true","6","0","同步失败：…","","","toast.error(t(""toastError"", { reason: message }))"
"components/mobile/me/transport-tier-indicator.tsx","67","warning","guidance-text","false","false","false","15","0","操作过于频繁，请稍等几秒再试。","","","toast.warning(t(""reconnectThrottled""))"
"components/mobile/me/transport-tier-indicator.tsx","69","warning","short-or-unresolved","false","false","false","15","0","WebRTC 通道当前未启用。","","","toast.warning(t(""reconnectInactive""))"
"components/mobile/me/transport-tier-indicator.tsx","72","error","runtime-detail","false","false","true","8","0","重连失败（…）。","","","toast.error(
        t(""reconnectFailed"", {
          reason: err instanceof Error ? err.message : String(err),
        })
      )"
"components/mobile/memory/memory-mobile-body.tsx","74","error","guidance-text","false","false","false","10","0","记忆操作失败，请重试","","","toast.error(tErrors(""mutation_failed""))"
"components/mobile/memory/memory-mobile-body.tsx","109","error","short-or-unresolved","false","false","false","14","0","已拦截：文本包含个人隐私信息","","","toast.error(tErrors(""pii_blocked""))"
"components/mobile/mobile-command-history.tsx","106","error","short-or-unresolved","false","false","false","12","0","当前环境无法访问剪贴板。","","","toast.error(t(""copyError""))"
"components/mobile/mobile-command-history.tsx","138","error","runtime-detail","false","false","true","8","0","命令运行失败：…","","","toast.error(t(""runError"", { message: error instanceof Error ? error.message : String(error) }))"
"components/mobile/notifications/notifications-queue-sheet.tsx","106","error","runtime-detail","false","false","true","6","0","取消失败：…","","","toast.error(t(""cancelFailed"", { message: out.message }))"
"components/mobile/outbound-queue-sheet.tsx","79","error","runtime-detail","false","false","true","0","0","","","","toast.error(cause instanceof Error ? cause.message : String(cause))"
"components/mobile/outbound-queue-sheet.tsx","104","error","runtime-detail","false","false","true","0","0","","","","toast.error(cause instanceof Error ? cause.message : String(cause))"
"components/mobile/remote-sessions/approval-card.tsx","62","error","runtime-detail","false","false","true","7","0","批准未完成。…","","","toast.error(t(""blocked"", { reason: blockReason(result.reason) }))"
"components/mobile/remote-sessions/remote-session-composer.tsx","238","warning","short-or-unresolved","false","false","false","16","0","部分文件已跳过——不支持该类型。","","","toast.warning(t(""attachmentUnsupported""))"
"components/mobile/remote-sessions/remote-session-composer.tsx","240","warning","short-or-unresolved","false","false","false","22","0","部分文件已跳过——单个文件上限为 … MB。","","","toast.warning(
          t(""attachmentTooLarge"", { max: Math.round(uploads.maxBytes / (1024 * 1024)) })
        )"
"components/mobile/remote-sessions/remote-session-composer.tsx","268","warning","short-or-unresolved","false","false","false","16","0","一条消息最多只能带 … 个附件。","","","toast.warning(t(""attachmentTooMany"", { max: uploads.maxFiles }))"
"components/mobile/remote-sessions/remote-session-composer.tsx","304","error","guidance-text","false","false","false","22","0","此草稿有 2 个参数还没填，请到桌面端补全。","","","toast.error(t(""templateParamsUnfilled"", { count: unfilled.length }))"
"components/mobile/remote-sessions/remote-session-composer.tsx","311","warning","guidance-text","false","false","false","26","0","级联和评审团只接受文本。请移除附件，或改为直接发送。","","","toast.warning(tFusion(""textOnly""))"
"components/mobile/remote-sessions/remote-session-composer.tsx","321","error","runtime-detail","false","false","true","12","0","无法将该运行加入队列：…","","","toast.error(
          tFusion(""startFailed"", {
            message: error instanceof Error ? error.message : String(error),
          })
        )"
"components/mobile/skills/mobile-skill-sheet.tsx","51","error","runtime-detail","false","false","true","0","0","","","","toast.error(err instanceof Error ? err.message : String(err))"
"components/mobile/workflow/editor/mobile-editor-topbar.tsx","140","warning","guidance-text","false","false","false","36","0","工作流已保存，但因可调用接口发生变化而自动下架。请重新发布以开放新契约。","","","toast.warning(t(""publicationInvalidated""))"
"components/mobile/workflow/editor/mobile-editor-topbar.tsx","145","error","runtime-detail","false","false","true","5","0","保存失败。","","","toast.error(err instanceof Error ? err.message : t(""saveFailed""))"
"components/mobile/workflow/editor/mobile-editor-topbar.tsx","168","error","runtime-detail","false","false","true","6","0","触发失败：…","","","toast.error(tRun(""runFailed"", { message: err instanceof Error ? err.message : String(err) }))"
"components/mobile/workflow/editor/mobile-editor-topbar.tsx","189","error","short-or-unresolved","false","false","false","7","0","无法自动排布。","","","toast.error(t(""autoLayoutFailed""))"
"components/mobile/workflow/editor/mobile-editor-topbar.tsx","222","error","runtime-detail","false","false","true","4","0","导入失败","","","toast.error(err instanceof Error ? `${t(""importFailed"")}: ${err.message}` : t(""importFailed""))"
"components/mobile/workflow/editor/mobile-workflow-editor.tsx","119","error","short-or-unresolved","false","false","false","0","0","","","","toast.error(tConnection(result.reasonKey))"
"components/mobile/workflow/mobile-runs-list.tsx","89","error","short-or-unresolved","false","false","false","22","0","取消失败——桌面端可能不可达，或运行已结束。","","","toast.error(t(""cancelRunFailed""))"
"components/mobile/workflow/mobile-runs-list.tsx","93","error","short-or-unresolved","false","false","false","22","0","取消失败——桌面端可能不可达，或运行已结束。","","","toast.error(t(""cancelRunFailed""))"
"components/mobile/workflow/mobile-runs-list.tsx","105","error","short-or-unresolved","false","false","false","6","0","删除运行失败","","","toast.error(tList(""deleteFailed""))"
"components/mobile/workflow/pending-approvals-card.tsx","88","error","guidance-text","false","false","false","13","0","无法连接桌面端——请重试。","","","toast.error(t(""respondFailedToast""))"
"components/mobile/workflow/pending-human-input-card.tsx","172","error","short-or-unresolved","false","false","false","10","0","文件校验或上传失败。","","","toast.error(t(""uploadFailedToast""))"
"components/mobile/workflow/pending-human-input-card.tsx","206","error","runtime-detail","false","false","true","7","0","答复未被接受。","","","toast.error(result?.message || t(""submitRejectedToast""))"
"components/mobile/workflow/pending-human-input-card.tsx","218","error","guidance-text","false","false","false","13","0","无法连接桌面端——请重试。","","","toast.error(t(""submitFailedToast""))"
"components/mobile/workflow/trigger-button.tsx","55","error","runtime-detail","false","false","true","6","0","触发失败：…","","","toast.error(t(""runFailed"", { message }))"
"components/mobile/workflow/workflow-delete-confirm.tsx","60","error","runtime-detail","false","false","true","0","0","","","","toast.error(err instanceof Error ? err.message : String(err))"
"components/mobile/workflow/workflow-list.tsx","276","error","runtime-detail","false","false","true","6","0","触发失败：…","","","toast.error(
                                t(""runFailed"", {
                                  message: error instanceof Error ? error.message : String(error),
                                })
                              )"
"components/observability/export-menu.tsx","99","error","runtime-detail","false","false","true","6","0","导出失败：…","","","toast.error(t(""saveFailed"", { message: outcome.message }))"
"components/observability/export-menu.tsx","109","error","short-or-unresolved","false","false","false","12","0","导入失败：仪表盘文件无效","","","toast.error(t(""importFailed""))"
"components/observability/export-menu.tsx","115","error","short-or-unresolved","false","false","false","12","0","导入失败：仪表盘文件无效","","","toast.error(t(""importFailed""))"
"components/onboarding/express-sign-in.tsx","91","error","runtime-detail","false","false","true","0","0","","","","toast.error(err instanceof Error ? err.message : String(err))"
"components/onboarding/express-sign-in.tsx","113","error","short-or-unresolved","false","false","false","15","0","粘贴 API 密钥后才能继续。","","","toast.error(t(""toastNeedKey""))"
"components/onboarding/express-sign-in.tsx","120","error","runtime-detail","false","false","true","0","0","","","","toast.error(err instanceof Error ? err.message : String(err))"
"components/onboarding/steps/provider-step.tsx","198","error","runtime-detail","false","false","true","0","0","","","","toast.error(err instanceof Error ? err.message : String(err))"
"components/onboarding/steps/provider-step.tsx","221","error","short-or-unresolved","false","false","false","23","0","粘贴 API 密钥后才能继续。 | 先把这个 provider 需要的内容填完整。","","","toast.error(option?.requiresCredential ? t(""toastNeedKey"") : t(""provider.toastIncomplete""))"
"components/onboarding/steps/provider-step.tsx","228","error","runtime-detail","false","false","true","0","0","","","","toast.error(err instanceof Error ? err.message : String(err))"
"components/performance/perf-budget-panel.tsx","161","error","runtime-detail","false","false","true","0","0","","","","toast.error(describeError(error))"
"components/performance/perf-captures-tab.tsx","197","error","runtime-detail","false","false","true","0","0","","","","toast.error(describeError(error))"
"components/performance/perf-hotspots-table.tsx","93","error","runtime-detail","false","false","true","10","0","无法重置热点统计：…","","","toast.error(
        t(""reset.failed"", { error: error instanceof Error ? error.message : String(error) })
      )"
"components/performance/perf-managed-processes.tsx","151","error","runtime-detail","false","false","true","6","0","操作失败：…","","","toast.error(t(""toast.failed"", { error: err instanceof Error ? err.message : String(err) }))"
"components/pet/console/radar-panel.tsx","77","error","guidance-text","false","false","false","31","0","未配置 LLM API 密钥。请在 设置 → 提供商 中添加。","","","toast.error(t(""toast.noModel""))"
"components/pet/console/radar-panel.tsx","79","error","runtime-detail","false","false","true","8","0","雷达运行失败：…","","","toast.error(
          t(""toast.failed"", { message: err instanceof Error ? err.message : String(err) })
        )"
"components/pet/console/radar-panel.tsx","95","error","short-or-unresolved","false","false","false","14","0","无效的 cron 表达式：…","","","toast.error(
          t(""settings.scheduleInvalidCron"", { expression: settings.schedule.customCron ?? """" })
        )"
"components/pet/console/radar-panel.tsx","103","error","short-or-unresolved","false","false","false","14","0","无效的 cron 表达式：…","","","toast.error(
          t(""settings.scheduleInvalidCron"", { expression: action.invalidExpression ?? """" })
        )"
"components/pet/console/radar-panel.tsx","114","error","runtime-detail","false","false","true","0","0","","","","toast.error(err instanceof Error ? err.message : String(err))"
"components/plugins/agent-packages/agent-packages-pane.tsx","116","error","runtime-detail","false","false","true","8","0","无法安装 …：…","","","toast.error(t(""install.failureToast"", { name, message: outcome.error ?? """" }))"
"components/plugins/agent-packages/agent-packages-pane.tsx","130","error","runtime-detail","false","false","true","8","0","无法移除 …：…","","","toast.error(t(""install.removeFailureToast"", { name, message: outcome.error ?? """" }))"
"components/plugins/agent-packages/agent-packages-pane.tsx","143","error","runtime-detail","false","false","true","0","0","","","","toast.error(result.error ?? """")"
"components/plugins/agent-packages/agent-packages-pane.tsx","174","error","guidance-text","false","false","false","18","0","已安装 … / … 个，… 个失败。","","","toast.error(
          t(""presets.partialToast"", {
            ok,
            total: missing.length,
            failed: missing.length - ok,
          })
        )"
"components/plugins/agent-packages/contributed-pi-package-list.tsx","152","error","runtime-detail","false","true","true","8","0","无法安装 …：…","","","toast.error(t(""install.failureToast"", { name, message: describeError(outcome.code) }), {
          description: failureDetails(outcome.output, outcome.error),
        })"
"components/plugins/agent-packages/contributed-pi-package-list.tsx","175","error","runtime-detail","false","true","true","8","0","无法准备 …：…","","","toast.error(
          t(""prepare.failureToast"", {
            name,
            message: describeError(outcome.code, {
              program: plan?.program ?? """",
              code: outcome.exitCode ?? ""?"",
              seconds: plan ? Math.round(plan.timeoutMs / 1000) : 0,
              path: outcome.link ?? """",
            }),
          }),
          { description: failureDetails(outcome.output, outcome.error) }
        )"
"components/plugins/agent-packages/contributed-pi-package-list.tsx","208","error","runtime-detail","false","true","true","8","0","无法移除 …：…","","","toast.error(
          t(""install.removeFailureToast"", { name, message: describeError(outcome.code) }),
          {
            description: failureDetails(outcome.output, outcome.error),
          }
        )"
"components/plugins/agent-packages/pi-package-config-editor.tsx","130","error","runtime-detail","false","false","true","0","0","","","","toast.error(error instanceof Error ? error.message : String(error))"
"components/plugins/cogpacks/cogpack-export-dialog.tsx","158","error","runtime-detail","false","true","true","7","0","无法导出齿轮包","","","toast.error(t(""failed""), {
        description: error instanceof Error ? error.message : String(error),
      })"
"components/plugins/cogpacks/cogpack-import-dialog.tsx","169","warning","short-or-unresolved","false","false","false","13","0","已导入…，缺少 2 个插件","","","toast.warning(t(""doneWithMissing"", { name, count: result.missing.length }))"
"components/plugins/cogpacks/cogpack-import-dialog.tsx","173","error","runtime-detail","false","true","true","7","0","无法导入齿轮包","","","toast.error(t(""failed""), {
        description: error instanceof Error ? error.message : String(error),
      })"
"components/plugins/cogpacks/use-cogpack-import.tsx","43","error","runtime-detail","false","true","true","6","0","无法读取 …","","","toast.error(t(""openFailed"", { file: chosen.name }), {
            description: error instanceof Error ? error.message : String(error),
          })"
"components/plugins/cogsets/always-on-menu-item.tsx","42","error","runtime-detail","false","true","true","10","0","无法更改…的常驻设置","","","toast.error(t(""failed"", { name: pluginName }), {
            description: error instanceof Error ? error.message : String(error),
          })"
"components/plugins/cogsets/cogset-delete-dialog.tsx","66","error","runtime-detail","false","true","true","5","13","无法删除…","请先切换到其他齿轮组。 | 请先将其他齿轮组设为默认。","","toast.error(t(""failed"", { name }), {
        description:
          error instanceof CogsetInUseError
            ? t(error.reason === ""applied"" ? ""inUseApplied"" : ""inUseGlobal"")
            : error instanceof Error
              ? error.message
              : String(error),
      })"
"components/plugins/cogsets/cogset-editor-dialog.tsx","164","error","runtime-detail","false","true","true","7","0","无法保存齿轮组","","","toast.error(t(""saveFailed""), {
        description: error instanceof Error ? error.message : String(error),
      })"
"components/plugins/cogsets/cogset-manager-dialog.tsx","69","error","runtime-detail","false","true","true","4","0","操作失败","","","toast.error(t(""actionFailed""), {
        description: error instanceof Error ? error.message : String(error),
      })"
"components/plugins/cogsets/use-cogset-switch.tsx","98","error","runtime-detail","false","true","true","6","0","无法切换到…","","","toast.error(t(""switcher.switchFailed"", { name }), {
          description: error instanceof Error ? error.message : String(error),
        })"
"components/plugins/cogsets/use-cogset-switch.tsx","118","error","runtime-detail","false","true","true","6","0","无法切换到…","","","toast.error(t(""switcher.switchFailed"", { name }), {
          description: error instanceof Error ? error.message : String(error),
        })"
"components/plugins/detail/plugin-config-form.tsx","561","error","runtime-detail","false","true","true","10","0","无法保存 … 的设置","","","toast.error(t(""saveFailed"", { name: displayName }), {
        description: error instanceof Error ? error.message : String(error),
      })"
"components/plugins/detail/plugin-config-form.tsx","686","error","runtime-detail","false","true","true","10","0","无法保存 … 的设置","","","toast.error(t(""saveFailed"", { name: displayName }), {
          description: error instanceof Error ? error.message : String(error),
        })"
"components/plugins/detail/plugin-contributed-tab.tsx","444","error","short-or-unresolved","false","false","false","17","0","该视图已不可用，插件可能已被停用。","","","toast.error(t(""viewContainerUnavailable""))"
"components/plugins/devtools/cognia-cli-install-dialog.tsx","82","error","short-or-unresolved","false","false","false","9","0","无法复制到剪贴板。","","","toast.error(t(""copyFailed""))"
"components/plugins/devtools/cognia-cli-launcher.tsx","86","warning","short-or-unresolved","false","false","false","23","0","该目录下未找到有效的 plugin.json。","","","toast.warning(t(""invalidProject""))"
"components/plugins/devtools/cognia-cli-launcher.tsx","101","warning","short-or-unresolved","false","false","false","30","0","cognia CLI 桥接未运行——此命令可能无法送达应用。","","","toast.warning(t(""bridgeWarning""))"
"components/plugins/devtools/cognia-cli-launcher.tsx","111","error","runtime-detail","false","false","true","8","0","无法启动命令：…","","","toast.error(t(""launchFailed"", { message: outcome.message }))"
"components/plugins/devtools/cognia-cli-launcher.tsx","113","error","short-or-unresolved","false","false","false","8","0","终端启动被拒绝。","","","toast.error(t(""launchDenied""))"
"components/plugins/devtools/managed-ide/managed-ide-dev-mode-card.tsx","61","error","runtime-detail","false","false","true","8","0","无法停用 …：…","","","toast.error(t(""leftFailed"", { pluginId: failure.pluginId, error: failure.error }))"
"components/plugins/devtools/managed-ide/managed-ide-dev-mode-card.tsx","67","error","runtime-detail","false","false","true","10","0","无法打开开发模式：… | 无法关闭开发模式：…","","","toast.error(next ? t(""enterFailed"", { message }) : t(""leaveFailed"", { message }))"
"components/plugins/devtools/managed-ide/managed-ide-dev-mode-card.tsx","81","error","runtime-detail","false","false","true","12","0","无法更改载荷记录方式：…","","","toast.error(
          t(""trace.configureFailed"", {
            message: error instanceof Error ? error.message : String(error),
          })
        )"
"components/plugins/devtools/plugin-dev-session-workbench.tsx","80","error","runtime-detail","false","false","true","6","0","无法重启：…","","","toast.error(
        t(""actions.restartFailed"", {
          message: error instanceof Error ? error.message : String(error),
        })
      )"
"components/plugins/devtools/plugin-dev-session-workbench.tsx","92","error","short-or-unresolved","false","false","false","10","0","该终端会话已不可用。","","","toast.error(t(""actions.terminalUnavailable""))"
"components/plugins/devtools/plugin-dev-session-workbench.tsx","119","error","runtime-detail","false","false","true","10","0","无法重启会话：… | 终端启动请求被拒绝。","","","toast.error(
          outcome.kind === ""error""
            ? t(""actions.launchFailed"", { message: outcome.message })
            : t(""actions.launchDenied"")
        )"
"components/plugins/devtools/plugin-watch-card.tsx","93","error","runtime-detail","false","false","true","8","0","无法开始监听：…","","","toast.error(
          t(""startFailed"", { message: error instanceof Error ? error.message : String(error) })
        )"
"components/plugins/devtools/plugin-watch-card.tsx","119","error","runtime-detail","false","false","true","8","0","无法开始监听：…","","","toast.error(
          tRef.current(""startFailed"", {
            message: error instanceof Error ? error.message : String(error),
          })
        )"
"components/plugins/dialogs/plugin-install-from-github-dialog.tsx","126","error","runtime-detail","false","false","true","6","0","安装失败：…","","","toast.error(t(""installFailed"", { message: result.message }))"
"components/plugins/marketplace/plugin-marketplace-sources-dialog.tsx","165","error","runtime-detail","false","false","true","7","0","无法添加源：…","","","toast.error(t(""addError"", { message: err instanceof Error ? err.message : String(err) }))"
"components/plugins/marketplace/plugin-marketplace.tsx","244","error","runtime-detail","false","false","true","6","0","安装失败：…","","","toast.error(t(""installFailed"", { message: result.message }))"
"components/plugins/marketplace/plugin-marketplace.tsx","259","error","guidance-text","false","false","false","12","0","套装安装仅在桌面端可用。","","","toast.error(t(""presets.desktopOnly""))"
"components/plugins/marketplace/plugin-marketplace.tsx","278","error","runtime-detail","false","false","true","8","0","套装安装失败:…","","","toast.error(t(""presets.resultFailed"", { message: failed[0].message }))"
"components/plugins/marketplace/plugin-marketplace.tsx","280","warning","runtime-detail","false","false","true","15","0","已安装 …/…;… 个失败:…","","","toast.warning(
            t(""presets.resultPartial"", {
              installed: installed.length,
              failed: failed.length,
              total,
              message: failed[0].message,
            })
          )"
"components/plugins/marketplace/plugin-marketplace.tsx","307","error","runtime-detail","false","true","true","7","0","无法保存齿轮组","","","toast.error(t(""presets.saveAsCogsetFailed""), {
                      description: error instanceof Error ? error.message : String(error),
                    })"
"components/plugins/marketplace/plugin-marketplace.tsx","648","error","runtime-detail","false","false","true","6","0","安装失败：…","","","toast.error(t(""installFailed"", { message: result.message }))"
"components/plugins/plugin-batch-actions-bar.tsx","105","error","runtime-detail","false","true","true","0","4","","失败：…","","toast.error(summary, { description: t(""toggleFailedNames"", { names: failed.join("", "") }) })"
"components/plugins/plugin-enable-failure-toaster.tsx","57","error","button","true","true","false","6","8","… 启用失败","… 启用失败：…","{
          label: tLifecycle(""viewDetails""),
          onClick: () => router.push(pluginDetailHref(detail.pluginId)),
        }","toast.error(t(""title"", { pluginName: detail.pluginName }), {
        // The manager's message is English; the known shapes are localized.
        description: t(""description"", {
          pluginName: detail.pluginName,
          errorMessage: describe(detail.errorMessage),
        }),
        // Same id the panel's own enable feedback uses for this failure, so
        // the two reports collapse into one toast.
        id: pluginEnableFailureToastId(detail.pluginId, detail.errorMessage),
        action: {
          label: tLifecycle(""viewDetails""),
          onClick: () => router.push(pluginDetailHref(detail.pluginId)),
        },
      })"
"components/plugins/plugin-error-toaster.tsx","57","error|warning","button","true","true","false","0","0","","","{
          label: tLifecycle(""viewDetails""),
          onClick: () => router.push(pluginDetailHref(detail.pluginId)),
        }","toastFn(title, {
        description,
        id: key,
        duration: detail.recoverable ? 6_000 : 8_000,
        action: {
          label: tLifecycle(""viewDetails""),
          onClick: () => router.push(pluginDetailHref(detail.pluginId)),
        },
      })"
"components/plugins/vscode/vscode-window-presenter.tsx","88","custom","short-or-unresolved","false","false","false","0","0","","","","toast.custom(
          (id) =>
            createElement(VscodeMessageToast, {
              request,
              onChoose: (index) => {
                settle(index)
                toast.dismiss(id)
              },
            }),
          {
            unstyled: true,
            // A message that asks something waits for the answer.
            duration: request.items.length > 0 ? Number.POSITIVE_INFINITY : MESSAGE_TOAST_MS,
            onDismiss: () => settle(null),
            onAutoClose: () => settle(null),
          }
        )"
"components/plugins/vscode/vscode-window-presenter.tsx","139","custom","short-or-unresolved","false","false","false","0","0","","","","toast.custom(
        () =>
          createElement(VscodeProgressToast, {
            handle,
            onCancel: () => cancelProgress(pluginId, handle),
          }),
        { id: handle, unstyled: true, duration: Number.POSITIVE_INFINITY, dismissible: false }
      )"
"components/plugins/vscode/vscode-window-presenter.tsx","175","custom","short-or-unresolved","false","false","false","0","0","","","","toast.custom(
        (id) =>
          createElement(VscodeOutputToast, {
            pluginId,
            channel,
            onOpenLogs: () => {
              requestPluginNavigation(pluginId, buildPluginLogsHref({ pluginId }))
              toast.dismiss(id)
            },
            onDismiss: () => toast.dismiss(id),
          }),
        { unstyled: true, duration: MESSAGE_TOAST_MS }
      )"
"components/project-coordinator/project-coordinator-entry.tsx","50","error","runtime-detail","false","false","true","10","0","无法开启项目协调：…","","","toast.error(
        t(""enableFailed"", { error: error instanceof Error ? error.message : String(error) })
      )"
"components/project-coordinator/thread-actions.tsx","55","error","runtime-detail","false","false","true","8","0","线程操作失败：…","","","toast.error(
        t(""actionFailed"", { error: error instanceof Error ? error.message : String(error) })
      )"
"components/project-coordinator/thread-pr-actions.tsx","61","error","short-or-unresolved","false","false","false","12","0","线程暂时无法接收该指令。","","","toast.error(t(""sendFailed""))"
"components/project-coordinator/thread-pr-actions.tsx","71","error","runtime-detail","false","false","true","10","0","无法创建拉取请求：…","","","toast.error(
          t(""createFailed"", { error: error instanceof Error ? error.message : String(error) })
        )"
"components/project-coordinator/thread-pr-actions.tsx","83","error","runtime-detail","false","false","true","10","0","无法合并拉取请求：…","","","toast.error(
          t(""mergeFailed"", { error: error instanceof Error ? error.message : String(error) })
        )"
"components/project-coordinator/workspace-coordination-section.tsx","96","error","runtime-detail","false","false","true","10","0","无法更改协调设置：…","","","toast.error(
        t(""toggleFailed"", { error: error instanceof Error ? error.message : String(error) })
      )"
"components/providers/companion-boot-provider.tsx","292","error","runtime-detail","false","false","true","22","0","未能向桌面端上报本机推送 token（…）。","","","toast.error(tRef.current(""pushTokenFailed"", { reason: sent.reason }))"
"components/providers/initializers/chat-copilot-initializer.tsx","66","error","guidance-text","false","false","false","26","0","聊天副驾窗口无法打开，权限提示会改为显示在主窗口中。","","","toast.error(tRef.current(""overlayUnavailable""))"
"components/providers/initializers/computer-use-kill-switch-initializer.tsx","38","warning","short-or-unresolved","false","true","false","0","0","","","","toast.warning(""Automation kill switch engaged"", {
          description:
            ""Every in-flight call rejected. Session grants cleared on both gates. Re-enable from Settings → Automation."",
        })"
"components/providers/initializers/diagnostic-auto-submit-initializer.tsx","49","warning","button","true","true","false","11","33","2 份崩溃报告未能发送","报告仍保留在本设备上，下次启动时会再次尝试。 | 报告仍保留在本设备上，可在“日志 → 崩溃报告”中检查后手动发送。","view","toast.warning(t(""failed"", { count: failed.length }), {
          description: retrying ? t(""failedRetry"") : t(""failedFinal""),
          action: view,
        })"
"components/providers/initializers/local-character-pack-initializer.tsx","49","error","short-or-unresolved","false","false","false","17","0","… 个已签名角色包验证失败，未加载","","","toast.error(t(""trust.skippedSignature"", { count: result.signatureSkipped }))"
"components/providers/initializers/local-character-pack-initializer.tsx","58","warning","short-or-unresolved","false","false","false","20","0","跳过 … 个本地角色包文件 — 详见日志","","","toast.warning(t(""packs.skippedToast"", { count: otherSkipped }))"
"components/providers/initializers/storage-persistence-initializer.tsx","30","error","runtime-detail","false","false","true","0","0","","","","toast.error(message)"
"components/providers/initializers/storage-persistence-initializer.tsx","31","warning","runtime-detail","false","false","true","0","0","","","","toast.warning(message)"
"components/providers/initializers/tray-panel-initializer.tsx","146","error","runtime-detail","false","true","true","7","0","执行「…」失败","","","toast.error(tRef.current(""errors.runFailedFor"", { action: request.actionLabel }), {
            description: message,
          })"
"components/providers/initializers/update-center-initializer.tsx","136","success|warning","button","true","false","true","0","0","","","{ label: tRef.current(""toast.open""), onClick: () => openUpdateCenter() }","notify(message, {
        action: { label: tRef.current(""toast.open""), onClick: () => openUpdateCenter() },
      })"
"components/router-fusion/companion/companion-fusion-run-view.tsx","159","error","runtime-detail","false","false","true","11","0","无法停止该运行（…）。","","","toast.error(t(""stopFailed"", { reason: answered.code ?? answered.reason ?? """" }))"
"components/router-fusion/delegate-acceptance-profiles.tsx","180","error","runtime-detail","false","false","true","9","0","“…”未获批准：…","","","toast.error(
          t(""approveFailed"", {
            profile: profileId,
            reason: reasonText(result.code, result.message),
          })
        )"
"components/router-fusion/delegate-acceptance-profiles.tsx","188","error","runtime-detail","false","false","true","9","0","“…”未获批准：…","","","toast.error(
        t(""approveFailed"", {
          profile: profileId,
          reason: error instanceof Error ? error.message : String(error),
        })
      )"
"components/router-fusion/delegate-acceptance-profiles.tsx","207","error","runtime-detail","false","false","true","12","0","撤销“…”的批准失败：…","","","toast.error(
          t(""revokeFailed"", { profile: profileId, reason: reasonText(result.code, result.message) })
        )"
"components/router-fusion/delegate-acceptance-profiles.tsx","212","error","runtime-detail","false","false","true","12","0","撤销“…”的批准失败：…","","","toast.error(
        t(""revokeFailed"", {
          profile: profileId,
          reason: error instanceof Error ? error.message : String(error),
        })
      )"
"components/scheduler/backup-schedule-dialog.tsx","192","error","runtime-detail","false","true","true","8","0","无法创建定时备份","","","toast.error(t(""backup.scheduleFailed""), {
          description: useSchedulerStore.getState().error ?? undefined,
        })"
"components/scheduler/cleanup-runs-dialog.tsx","52","error","runtime-detail","false","true","true","9","0","清理旧运行记录失败","","","toast.error(t(""failed""), {
        description: error instanceof Error ? error.message : undefined,
      })"
"components/scheduler/detail/sections/kind-facts-section.tsx","177","error","short-or-unresolved","false","false","false","18","0","来源 IM 会话已不再绑定聊天会话。","","","toast.error(t(""sourceConversationMissing""))"
"components/scheduler/import-export-dialog.tsx","64","error","runtime-detail","false","false","true","6","0","导出失败：…","","","toast.error(t(""exportError"", { message }))"
"components/scheduler/import-export-dialog.tsx","165","error","runtime-detail","false","false","true","6","0","导入失败：…","","","toast.error(t(""importError"", { message }))"
"components/scheduler/scheduler-bulk-toolbar.tsx","97","error","short-or-unresolved","false","true","false","9","7","2 个条目未能更新","等另外 2 个","","toast.error(t(""bulkPartialFailure"", { count: failed.length }), {
          description: hidden > 0 ? `${joined} ${t(""bulkPartialFailureMore"", { hidden })}` : joined,
        })"
"components/scheduler/task-process-panel.tsx","138","error","runtime-detail","false","false","true","4","0","停止失败","","","toast.error(error instanceof Error ? error.message : t(""stopFailed""))"
"components/scheduler/task-workspace-move.tsx","80","error","guidance-text","false","false","false","0","0","该日程属于已配对的宿主，其工作区与本设备的并不相同。 | 日程已在该工作区中。 | 有运行正在进行，请等待其结束后再移动日程。","","","toast.error(t(`refused.${plan.reason}`))"
"components/scheduler/task-workspace-move.tsx","88","error","runtime-detail","false","false","true","8","0","移动日程失败：…","","","toast.error(t(""failed"", { error: error instanceof Error ? error.message : String(error) }))"
"components/servers/connect-agent-dialog.tsx","89","error","short-or-unresolved","false","false","false","8","0","无法复制到剪贴板","","","toast.error(t(""operations.copyFailed""))"
"components/servers/deployment-preview.tsx","51","error","short-or-unresolved","false","false","false","8","0","无法复制到剪贴板","","","toast.error(t(""operations.copyFailed""))"
"components/servers/operation-inspector.tsx","70","error","short-or-unresolved","false","false","false","8","0","无法复制到剪贴板","","","toast.error(t(""operations.copyFailed""))"
"components/servers/ops-context.tsx","283","error","runtime-detail","false","true","true","9","0","无法刷新服务器列表","","","toast.error(t(""errors.refresh""), { description: localizedOpsError(t, error) })"
"components/servers/ops-context.tsx","307","error","runtime-detail","false","true","true","9","0","无法加载服务器能力","","","toast.error(t(""errors.capabilities""), { description: localizedOpsError(t, error) })"
"components/servers/ops-context.tsx","385","error","runtime-detail","false","true","true","9","0","无法连接运维控制器","","","toast.error(t(""connection.failed""), { description: localizedOpsError(t, error) })"
"components/servers/ops-context.tsx","399","error","runtime-detail","false","true","true","13","0","无法断开与运维控制器的连接","","","toast.error(t(""connection.disconnectFailed""), { description: localizedOpsError(t, error) })"
"components/servers/ops-context.tsx","423","error","runtime-detail","false","true","true","12","0","无法将服务器操作加入队列","","","toast.error(t(""errors.operation""), { description: localizedOpsError(t, error) })"
"components/servers/ops-context.tsx","523","error","runtime-detail","false","true","true","7","0","无法取消该操作","","","toast.error(t(""errors.cancel""), { description: localizedOpsError(t, error) })"
"components/servers/ops-context.tsx","558","error","runtime-detail","false","true","true","8","0","无法签发接入令牌","","","toast.error(t(""enroll.failed""), { description: localizedOpsError(t, error) })"
"components/settings/a2ui/runtime-tab.tsx","68","error","runtime-detail","false","false","true","6","0","保存失败：…","","","toast.error(
          t(""saveFailed"", { error: error instanceof Error ? error.message : String(error) })
        )"
"components/settings/a2ui/templates-tab.tsx","83","error","short-or-unresolved","false","false","false","6","0","模板导入失败","","","toast.error(t(""toast.importFailed""))"
"components/settings/about/system-diagnostics-card.tsx","125","error","runtime-detail","false","false","true","6","0","复制失败：…","","","toast.error(t(""system.copyFailed"", { error: errorText }))"
"components/settings/about/system-diagnostics-card.tsx","137","error","runtime-detail","false","false","true","10","0","无法打开数据目录：…","","","toast.error(t(""system.revealFailed"", { error: errorText }))"
"components/settings/about/update-card.tsx","108","error","runtime-detail","false","false","true","10","0","无法保存更新设置：…","","","toast.error(t(""updates.settingsSaveFailed"", { error: errorText }))"
"components/settings/about/update-card.tsx","140","error","runtime-detail","false","false","true","8","0","下载更新失败：…","","","toast.error(t(""updates.updateDownloadFailed"", { error: message }))"
"components/settings/about/update-card.tsx","168","error","runtime-detail","false","false","true","8","0","检查更新失败：…","","","toast.error(t(""updates.updateCheckFailed"", { error: errorText }))"
"components/settings/about/update-card.tsx","200","error","runtime-detail","false","false","true","8","0","无法重启应用：…","","","toast.error(t(""updates.updateRelaunchFailed"", { error: errorText }))"
"components/settings/about/update-card.tsx","206","error","runtime-detail","false","false","true","8","0","安装更新失败：…","","","toast.error(t(""updates.updateInstallFailed"", { error: errorText }))"
"components/settings/about/update-card.tsx","218","error","runtime-detail","false","false","true","8","0","无法重启应用：…","","","toast.error(t(""updates.updateRelaunchFailed"", { error: errorText }))"
"components/settings/account/account-overview-section.tsx","164","error","short-or-unresolved","false","false","false","6","0","复制邮箱失败","","","toast.error(t(""emailCopyFailed""))"
"components/settings/account/account-overview-section.tsx","174","error","guidance-text","false","false","false","9","0","操作失败，请重试。","","","toast.error(t(""sessionActionFailed""))"
"components/settings/account/account-overview-section.tsx","186","error","guidance-text","false","false","false","9","0","操作失败，请重试。","","","toast.error(t(""sessionActionFailed""))"
"components/settings/account/account-overview-section.tsx","202","error","short-or-unresolved","false","false","false","14","0","账户已锁定，但部分清理未完成","","","toast.error(t(""lockIncomplete""))"
"components/settings/account/account-overview-section.tsx","213","error","guidance-text","false","false","false","19","0","该账号已锁定 — 请在“管理”中解锁。","","","toast.error(t(""switchAccountRequiresUnlock""))"
"components/settings/actions/settings-actions-menu.tsx","90","error","short-or-unresolved","false","false","false","0","0","","","","toast.error(t(`importErrors.${key}` as never))"
"components/settings/actions/settings-actions-menu.tsx","96","error","short-or-unresolved","false","false","false","10","0","无法导入该设置文件。","","","toast.error(t(""importErrors.generic""))"
"components/settings/agent-runtime/sdk-session-manager.tsx","371","error","short-or-unresolved","false","false","false","13","0","无法重命名 SDK 会话。","","","toast.error(t(""errors.renameFailed""))"
"components/settings/agent-runtime/sdk-session-manager.tsx","384","error","short-or-unresolved","false","false","false","12","0","无法分叉 SDK 会话。","","","toast.error(t(""errors.forkFailed""))"
"components/settings/agent-runtime/sdk-session-manager.tsx","397","error","short-or-unresolved","false","false","false","12","0","无法删除 SDK 会话。","","","toast.error(t(""errors.deleteFailed""))"
"components/settings/agent-runtime/sdk-session-manager.tsx","425","error","guidance-text","false","false","false","42","0","SDK 会话已删除，但有关联对话未能解除绑定。请在 SDK 绑定对话列表中手动解除。","","","toast.error(t(""errors.unlinkAfterDeleteFailed""))"
"components/settings/agent-runtime/sdk-session-manager.tsx","445","error","short-or-unresolved","false","false","false","14","0","无法保存 SDK 会话标签。","","","toast.error(t(""errors.tagFailed""))"
"components/settings/agent-runtime/sdk-session-manager.tsx","567","error","short-or-unresolved","false","false","false","17","0","无法在对话中继续此 SDK 会话。","","","toast.error(t(""errors.continueFailed""))"
"components/settings/agent-runtime/sdk-session-manager.tsx","588","error","short-or-unresolved","false","false","false","12","0","无法导入 SDK 会话。","","","toast.error(t(""errors.importFailed""))"
"components/settings/agent-runtime/tabs/sessions-tab.tsx","219","error","short-or-unresolved","false","false","false","21","0","该对话已移交到另一台设备，移交期间为只读。 | 无法分叉该 SDK 会话。","","","toast.error(isSessionHandoffLocked(err) ? t(""lockedReason"") : t(""forkFailedToast""))"
"components/settings/agent-runtime/tabs/sessions-tab.tsx","235","error","short-or-unresolved","false","false","false","21","0","该对话已移交到另一台设备，移交期间为只读。 | 无法解除 SDK 会话绑定。","","","toast.error(isSessionHandoffLocked(err) ? t(""lockedReason"") : t(""unlinkFailedToast""))"
"components/settings/agent-runtime/tabs/sidecar-tab.tsx","121","error","runtime-detail","false","false","true","0","0","","","","toast.error(err instanceof Error ? err.message : String(err))"
"components/settings/agent-runtime/tabs/sidecar-tab.tsx","136","error","runtime-detail","false","false","true","0","0","","","","toast.error(err instanceof Error ? err.message : String(err))"
"components/settings/agent/agent-editor-dialog.tsx","719","error","guidance-text","false","false","false","14","0","请闭合参数中的引号后再保存。","","","toast.error(t(""argumentsInvalid""))"
"components/settings/agent/agent-editor-dialog.tsx","730","error","short-or-unresolved","false","false","false","31","0","变量名必须唯一，且不能包含等号或空字符；变量值不能包含空字符。","","","toast.error(t(""environmentInvalid""))"
"components/settings/agent/agent-editor-dialog.tsx","748","error","guidance-text","false","false","false","12","0","请为 Agent 命名。","","","toast.error(t(""nameRequired""))"
"components/settings/agent/agent-editor-dialog.tsx","754","error","short-or-unresolved","false","false","false","23","0","最大会话数必须是大于零的整数，留空表示不限制。","","","toast.error(tManage(""invalidMaxSessions""))"
"components/settings/agent/agent-editor-dialog.tsx","759","error","short-or-unresolved","false","false","false","27","0","空闲超时必须是大于零的整数毫秒数，留空则使用执行超时。","","","toast.error(tManage(""invalidIdleTimeout""))"
"components/settings/agent/agent-editor-dialog.tsx","829","error","guidance-text","false","false","false","25","0","请输入有效的 HTTP 或 HTTPS 服务地址。","","","toast.error(t(""endpointInvalid""))"
"components/settings/agent/agent-editor-dialog.tsx","851","error","short-or-unresolved","false","false","false","24","0","HTTP 传输需要填写 Endpoint URL","","","toast.error(t(""endpointRequired""))"
"components/settings/agent/agent-editor-dialog.tsx","861","error","short-or-unresolved","false","false","false","14","0","stdio 传输需要填写命令","","","toast.error(t(""commandRequired""))"
"components/settings/agent/agent-editor-dialog.tsx","877","error","short-or-unresolved","false","false","false","24","0","HTTP 传输需要填写 Endpoint URL","","","toast.error(t(""endpointRequired""))"
"components/settings/agent/agent-editor-dialog.tsx","984","error","guidance-text","false","false","false","23","0","请选择模型和受支持的本地 Agent 运行时。","","","toast.error(tGateway(""invalid""))"
"components/settings/agent/agent-editor-dialog.tsx","1010","error","runtime-detail","false","false","true","9","0","无法保存智能体：…","","","toast.error(tManage(""saveFailed"", { error: errorText(error) }))"
"components/settings/agent/agent-editor-dialog.tsx","1023","error","runtime-detail","false","false","true","20","0","智能体已保存，但无法移除已存储的密钥：…","","","toast.error(tManage(""secretClearFailed"", { error: errorText(error) }))"
"components/settings/agent/agent-inspector.tsx","276","error","guidance-text","false","false","false","12","0","请为 Agent 命名。","","","toast.error(t(""nameRequired""))"
"components/settings/agent/agent-inspector.tsx","297","error","short-or-unresolved","false","false","false","22","0","会话上限必须是大于零的整数，留空表示不限制。","","","toast.error(t(""sessionLimitInvalid""))"
"components/settings/agent/agent-inspector.tsx","309","error","short-or-unresolved","false","false","false","14","0","stdio 传输需要填写命令","","","toast.error(t(""commandRequired""))"
"components/settings/agent/agent-inspector.tsx","314","error","guidance-text","false","false","false","14","0","请闭合参数中的引号后再保存。","","","toast.error(t(""argumentsInvalid""))"
"components/settings/agent/agent-inspector.tsx","329","error","short-or-unresolved","false","false","false","24","0","HTTP 传输需要填写 Endpoint URL","","","toast.error(t(""endpointRequired""))"
"components/settings/agent/agent-inspector.tsx","359","error","runtime-detail","false","false","true","0","0","","","","toast.error(lifecycleErrorMessage(error, tErrors))"
"components/settings/agent/agent-inspector.tsx","370","error","runtime-detail","false","false","true","0","0","","","","toast.error(lifecycleErrorMessage(error, tErrors))"
"components/settings/agent/agent-inspector.tsx","561","error","runtime-detail","false","false","true","0","0","","","","toast.error(lifecycleErrorMessage(error, tErrors))"
"components/settings/agent/agent-team-templates-section.tsx","226","error","runtime-detail","false","false","true","0","0","","","","toast.error(error instanceof Error ? error.message : String(error))"
"components/settings/agent/agent-team-templates-section.tsx","269","error","guidance-text","false","false","false","18","0","请先重新保存该模板，让它进入模板库。","","","toast.error(t(""publishUnavailable""))"
"components/settings/agent/agent-team-templates-section.tsx","287","error","guidance-text","false","false","false","19","0","请先发布一个版本，然后才能导出安装包。","","","toast.error(t(""exportUnavailable""))"
"components/settings/agent/agent-team-templates-section.tsx","296","error","guidance-text","false","false","false","19","0","请先发布一个版本，然后才能导出安装包。","","","toast.error(t(""exportUnavailable""))"
"components/settings/agent/agent-team-templates-section.tsx","325","error","guidance-text","false","false","false","18","0","请先重新保存该模板，让它进入模板库。","","","toast.error(t(""publishUnavailable""))"
"components/settings/agent/agent-team-templates-section.tsx","911","error","short-or-unresolved","false","false","false","9","0","模板名称不能为空。","","","toast.error(t(""nameRequired""))"
"components/settings/agent/custom-mode-settings.tsx","310","error","short-or-unresolved","false","false","false","6","0","模式导入失败","","","toast.error(tCustomMode(""failedToImportMode""))"
"components/settings/agent/custom-mode-settings.tsx","314","error","short-or-unresolved","false","false","false","6","0","文件格式无效","","","toast.error(tCustomMode(""invalidFileFormat""))"
"components/settings/agent/custom-mode-settings.tsx","318","error","short-or-unresolved","false","false","false","6","0","文件解析失败","","","toast.error(tCustomMode(""failedToParseFile""))"
"components/settings/agent/external-agent-settings.tsx","290","error","runtime-detail","false","false","true","0","0","","","","toast.error(lifecycleErrorMessage(error, tErrors))"
"components/settings/agent/external-agent-settings.tsx","312","error","runtime-detail","false","false","true","0","0","","","","toast.error(lifecycleErrorMessage(error, tErrors))"
"components/settings/agent/external-agent-settings.tsx","328","error","runtime-detail","false","false","true","0","0","","","","toast.error(lifecycleErrorMessage(error, tErrors))"
"components/settings/agent/external-agent-settings.tsx","347","error","runtime-detail","false","false","true","0","0","","","","toast.error(lifecycleErrorMessage(error, tErrors))"
"components/settings/agent/external-agent-settings.tsx","368","error","runtime-detail","false","true","true","4","0","连接失败","","","toast.error(t(""connectionFailed""), {
          description: (error as Error).message,
        })"
"components/settings/agent/external-agent-settings.tsx","382","error","short-or-unresolved","false","false","false","4","0","断开失败","","","toast.error(t(""disconnectFailed""))"
"components/settings/agent/external-agent-settings.tsx","395","error","runtime-detail","false","false","true","0","0","","","","toast.error(lifecycleErrorMessage(error, tErrors))"
"components/settings/agent/host-external-agent-configs.tsx","364","error","runtime-detail","false","false","true","8","0","主机无法复制：…","","","toast.error(tManage(""duplicateFailed"", { error: outcome.error }))"
"components/settings/agent/kimi-management-card.tsx","111","error","guidance-text","false","false","false","24","0","无法复制或打开原生命令，请检查配置与终端可用性。","","","toast.error(t(""failed""))"
"components/settings/agent/pi-auth-status-card.tsx","89","error","runtime-detail","false","false","true","13","0","无法在终端中打开 Pi：…","","","toast.error(
        t(""signInFailed"", { reason: error instanceof Error ? error.message : String(error) })
      )"
"components/settings/appearance/components/appearance-config-toolbar.tsx","67","error","runtime-detail","false","false","true","8","0","外观导出失败：…","","","toast.error(t(""exportFailed"", { message: outcome.message }))"
"components/settings/appearance/components/appearance-config-toolbar.tsx","72","error","runtime-detail","false","false","true","8","0","外观导出失败：…","","","toast.error(t(""exportFailed"", { message: (err as Error).message }))"
"components/settings/appearance/components/appearance-config-toolbar.tsx","81","error","runtime-detail","false","false","true","9","0","无法读取该文件：…","","","toast.error(t(""importInvalid"", { message: (err as Error).message }))"
"components/settings/appearance/tabs/custom-theme-tab.tsx","475","error","runtime-detail","false","false","true","6","0","导入失败：…","","","toast.error(t(""import.failure"", { message: (err as Error).message }))"
"components/settings/appearance/tabs/custom-theme-tab.tsx","487","error","runtime-detail","false","false","true","6","0","导入失败：…","","","toast.error(t(""import.failure"", { message: (err as Error).message }))"
"components/settings/automation/access-rules-tab.tsx","126","error","runtime-detail","false","true","true","8","0","读取焦点窗口失败","","","toast.error(t(""admit.captureFailed""), {
        description: err instanceof Error ? err.message : String(err),
      })"
"components/settings/automation/automation-audit-table.tsx","59","error","runtime-detail","false","true","true","0","0","","","","toast.error(""Failed to load audit log"", { description: String(err) })"
"components/settings/automation/automation-section.tsx","195","error","runtime-detail","false","true","true","0","0","","","","toast.error(""Failed to read automation state"", {
          description: err instanceof Error ? err.message : String(err),
        })"
"components/settings/automation/automation-section.tsx","241","error","runtime-detail","false","true","true","0","0","","","","toast.error(""Update failed"", {
        description: err instanceof Error ? err.message : String(err),
      })"
"components/settings/automation/automation-section.tsx","254","warning","short-or-unresolved","false","false","false","0","0","","","","toast.warning(""Kill switch engaged — all in-flight calls rejected"")"
"components/settings/automation/automation-section.tsx","256","error","runtime-detail","false","true","true","0","0","","","","toast.error(""Kill switch failed"", {
        description: err instanceof Error ? err.message : String(err),
      })"
"components/settings/automation/automation-section.tsx","349","error","runtime-detail","false","true","true","0","0","","","","toast.error(""Read failed"", { description: String(err) })"
"components/settings/automation/automation-section.tsx","359","error","runtime-detail","false","true","true","0","0","","","","toast.error(""Update failed"", { description: String(err) })"
"components/settings/automation/inspector-tab.tsx","172","error","runtime-detail","false","true","true","6","0","列出应用失败","","","toast.error(t(""appsFailed""), { description: describeError(error) })"
"components/settings/automation/inspector-tab.tsx","183","error","runtime-detail","false","true","true","9","0","读取自动化能力失败","","","toast.error(t(""capabilitiesFailed""), { description: describeError(error) })"
"components/settings/automation/inspector-tab.tsx","190","error","runtime-detail","false","true","true","6","0","列出应用失败","","","toast.error(t(""appsFailed""), { description: describeError(error) })"
"components/settings/automation/inspector-tab.tsx","227","error","runtime-detail","false","true","true","8","0","捕获应用状态失败","","","toast.error(t(""stateFailed""), { description: describeError(error) })"
"components/settings/automation/inspector-tab.tsx","257","error","runtime-detail","false","true","true","6","0","查询元素失败","","","toast.error(t(""queryFailed""), { description: describeError(error) })"
"components/settings/automation/inspector-tab.tsx","283","error","runtime-detail","false","true","true","6","0","展开元素失败","","","toast.error(t(""expandFailed""), { description: describeError(error) })"
"components/settings/automation/inspector-tab.tsx","307","error","runtime-detail","false","true","true","4","0","操作失败","","","toast.error(t(""actionFailed""), { description: describeError(error) })"
"components/settings/automation/sandbox-connections-tab.tsx","320","error","runtime-detail","false","false","true","0","0","","","","toast.error(message)"
"components/settings/browser/browser-local-settings.tsx","117","error","short-or-unresolved","false","false","false","8","0","无法读取下载设置","","","toast.error(tRef.current(""downloads.loadFailed""))"
"components/settings/browser/browser-local-settings.tsx","148","error","guidance-text","false","false","false","42","0","该文件夹不能用于存放下载内容。请选择主目录本身、系统文件夹或隐藏文件夹以外的文件夹。 | 无法保存下载设置","","","toast.error(
          errorText(error).includes(""downloads_dir_forbidden"")
            ? t(""downloads.forbidden"")
            : t(""downloads.saveFailed"")
        )"
"components/settings/browser/browser-local-settings.tsx","163","error","runtime-detail","false","false","true","15","0","无法卸载 Chromium：…","","","toast.error(t(""chromium.uninstallFailed"", { message: local.error ?? """" }))"
"components/settings/browser/browser-local-settings.tsx","335","error","runtime-detail","false","false","true","11","0","无法打开配置文件夹：…","","","toast.error(t(""profile.revealFailed"", { message: errorText(error) }))"
"components/settings/characters-section.tsx","454","error","runtime-detail","false","false","true","0","0","","","","toast.error(err instanceof Error ? err.message : String(err))"
"components/settings/characters-section.tsx","464","error","runtime-detail","false","false","true","32","0","该智能体是 2 个变体的基础（…）。请先解除关联或删除这些变体。","","","toast.error(
                    err instanceof CharacterHasVariantsError
                      ? t(""variants.deleteBlocked"", {
                          count: err.variantNames.length,
                          names: err.variantNames.join("", ""),
                        })
                      : err instanceof Error
                        ? err.message
                        : String(err)
                  )"
"components/settings/characters-section.tsx","493","error","runtime-detail","false","false","true","0","0","","","","toast.error(err instanceof Error ? err.message : String(err))"
"components/settings/characters-section.tsx","503","error","runtime-detail","false","false","true","0","0","","","","toast.error(err instanceof Error ? err.message : String(err))"
"components/settings/characters-section.tsx","513","error","runtime-detail","false","false","true","0","0","","","","toast.error(err instanceof Error ? err.message : String(err))"
"components/settings/characters-section.tsx","524","error","runtime-detail","false","false","true","0","0","","","","toast.error(err instanceof Error ? err.message : String(err))"
"components/settings/characters-section.tsx","544","error","runtime-detail","false","false","true","0","0","","","","toast.error(err instanceof Error ? err.message : String(err))"
"components/settings/characters-section.tsx","562","error","runtime-detail","false","false","true","0","0","","","","toast.error(err instanceof Error ? err.message : String(err))"
"components/settings/characters-section.tsx","584","error","runtime-detail","false","false","true","0","0","","","","toast.error(err instanceof Error ? err.message : String(err))"
"components/settings/characters-section.tsx","597","error","short-or-unresolved","false","false","false","11","0","找不到可导出的角色包。","","","toast.error(t(""exportPackUnavailable""))"
"components/settings/characters-section.tsx","607","error","runtime-detail","false","false","true","0","0","","","","toast.error(result.error)"
"components/settings/characters-section.tsx","633","error","runtime-detail","false","false","true","0","0","","","","toast.error(err instanceof Error ? err.message : String(err))"
"components/settings/characters-section.tsx","668","error","runtime-detail","false","false","true","0","0","","","","toast.error(err instanceof Error ? err.message : String(err))"
"components/settings/characters-section.tsx","742","error","runtime-detail","false","false","true","0","0","","","","toast.error(err instanceof Error ? err.message : String(err))"
"components/settings/characters-section.tsx","769","error","runtime-detail","false","false","true","0","0","","","","toast.error(error instanceof Error ? error.message : String(error))"
"components/settings/characters-section.tsx","780","error","runtime-detail","false","false","true","0","0","","","","toast.error(error instanceof Error ? error.message : String(error))"
"components/settings/characters-section.tsx","795","error","runtime-detail","false","false","true","0","0","","","","toast.error(error instanceof Error ? error.message : String(error))"
"components/settings/characters-section.tsx","1364","error","short-or-unresolved","false","false","false","15","0","本地角色包导入仅在桌面端可用。","","","toast.error(t(""packs.importUnavailableWeb""))"
"components/settings/characters-section.tsx","1380","error","runtime-detail","false","false","true","0","0","","","","toast.error(result.error)"
"components/settings/characters-section.tsx","1384","error","runtime-detail","false","false","true","0","0","","","","toast.error(err instanceof Error ? err.message : String(err))"
"components/settings/characters-section.tsx","1405","error","runtime-detail","false","false","true","0","0","","","","toast.error(err instanceof Error ? err.message : String(err))"
"components/settings/characters-section.tsx","1510","error","runtime-detail","false","false","true","0","0","","","","toast.error(result.error)"
"components/settings/characters-section.tsx","1519","error","runtime-detail","false","false","true","0","0","","","","toast.error(result.error)"
"components/settings/characters-section.tsx","1544","error","runtime-detail","false","false","true","0","0","","","","toast.error(err instanceof Error ? err.message : String(err))"
"components/settings/characters-section.tsx","1940","warning","short-or-unresolved","false","false","false","25","0","头像图片偏大——使用更小的图片可让角色数据更轻量。","","","toast.warning(tEditor(""avatarImage.large""))"
"components/settings/characters-section.tsx","1949","error","guidance-text","false","false","false","6","0","请填写名称。","","","toast.error(t(""validation.nameRequired""))"
"components/settings/characters-section.tsx","1953","error","short-or-unresolved","false","false","false","10","0","系统提示词不能为空。","","","toast.error(t(""validation.systemPromptRequired""))"
"components/settings/characters-section.tsx","1959","error","short-or-unresolved","false","false","false","22","0","最大轮数必须是 1 到 100 之间的整数。","","","toast.error(tEditor(""execution.maxTurnsInvalid""))"
"components/settings/characters-section.tsx","1969","error","short-or-unresolved","false","false","false","14","0","… 不是有效的环境变量名称。","","","toast.error(tEditor(""execution.envNameInvalid"", { name: binding.name || ""?"" }))"
"components/settings/characters-section.tsx","1973","error","short-or-unresolved","false","false","false","12","0","环境变量 … 重复定义。","","","toast.error(tEditor(""execution.envNameDuplicate"", { name: binding.name }))"
"components/settings/characters-section.tsx","1992","error","guidance-text","false","false","false","11","0","请输入 … 的敏感值。","","","toast.error(tEditor(""execution.envSecretRequired"", { name: binding.name }))"
"components/settings/characters-section.tsx","2006","error","short-or-unresolved","false","false","false","24","0","无法将 … 的敏感值保存到设备 keyring。","","","toast.error(tEditor(""execution.envSecretSaveFailed"", { name: binding.name }))"
"components/settings/chat-templates-section.tsx","311","error","short-or-unresolved","false","false","false","16","0","这个文件不是本应用能读取的模板。","","","toast.error(t(""importFailed""))"
"components/settings/chat-templates-section.tsx","344","error","guidance-text","false","false","false","18","0","当前工作区未被信任，未写入任何内容。 | 当前没有打开的工作区可供保存。 | 无法写入 …。","","","toast.error(
        outcome.reason === ""restricted""
          ? t(""saveToRepoRestricted"")
          : outcome.reason === ""no-root""
            ? t(""saveToRepoNoRoot"")
            : t(""saveToRepoFailed"", { path: outcome.path })
      )"
"components/settings/chat-templates-section.tsx","389","error","short-or-unresolved","false","false","false","13","0","复制失败——剪贴板不可用。","","","toast.error(t(""copyFailed""))"
"components/settings/chat-templates-section.tsx","410","error","guidance-text","false","false","false","15","0","无法用该模板发起会话，请重试。","","","toast.error(t(""useInChatFailed""))"
"components/settings/chat-templates/template-editor.tsx","84","error","guidance-text","false","false","false","21","0","AI 辅助已拦截：请求中含有疑似隐私数据。","","","toast.error(t(""aiPiiBlocked""))"
"components/settings/chat-templates/template-editor.tsx","85","error","runtime-detail","false","false","true","9","0","AI 辅助失败：…","","","toast.error(t(""aiFailed"", { error: message }))"
"components/settings/chat-templates/template-editor.tsx","137","error","guidance-text","false","false","false","18","0","无法保存模板。你的修改还在，请重试。","","","toast.error(t(""saveFailed""))"
"components/settings/cli-bridge/cli-sync-card.tsx","62","error","short-or-unresolved","false","false","false","24","0","同步完成但有问题——成功 … 项，失败 … 项。","","","toast.error(t(""toast.partial"", { ok, errors }))"
"components/settings/cli-bridge/cli-sync-card.tsx","74","error","runtime-detail","false","false","true","12","0","同步到 CLI 失败：…","","","toast.error(t(""toast.failed"", { error: err instanceof Error ? err.message : String(err) }))"
"components/settings/companion/channel-matrix-card.tsx","110","error","runtime-detail","false","false","true","9","0","可达性测试失败：…","","","toast.error(t(""probeFailed"", { message: err instanceof Error ? err.message : String(err) }))"
"components/settings/companion/cloud-deployment-card.tsx","210","warning","short-or-unresolved","false","false","false","23","0","身份提供方未确认退出，那边的会话可能仍然有效。","","","toast.warning(t(""revocationFailed""))"
"components/settings/companion/cloud-deployment-card.tsx","214","error","runtime-detail","false","false","true","6","0","退出失败：…","","","toast.error(
        t(""signOutFailed"", { message: cause instanceof Error ? cause.message : String(cause) })
      )"
"components/settings/companion/sync-status-card.tsx","100","error","runtime-detail","false","false","true","8","0","… 同步失败：… | 连接器 | Agent 任务尝试 | Agent 任务 | Agent 团队看板 | Agent 团队任务 | Agent 队友 | Agent 团队 | Bot 定义 | Bot 事件投递 | Bot 安装 | 角色 | 聊天模板 | 连接器回调绑定 | 连接器草稿 | 连接器心跳 | 会话覆盖 | 运行投递绑定 | 执行记录 | 目标 | 议题周期 | 议题事件 | 议题项目 | 议题运行 | 议题 | 标签 | MCP 服务器 | 记忆 | 消息 | 出站投递状态 | 计划 | 联系人 | 齿轮组状态 | 齿轮组 | 插件 | 项目 | 会话文件夹 | 会话状态 | 会话 | 应用设置 | 技能 | 模板定义 | 模板实例 | 模板包 | 终端历史 | 数字孪生草稿 | 数字孪生 | 数字孪生库 | 工作流部署 | 工作流运行 | 工作流","","","toast.error(
            t(""toastSyncOneFail"", {
              table: t(`tableLabels.${table}`),
              reason: outcome.failure.message,
            })
          )"
"components/settings/companion/sync-status-card.tsx","108","error","runtime-detail","false","false","true","0","0","","","","toast.error(err instanceof Error ? err.message : String(err))"
"components/settings/companion/sync-status-card.tsx","130","error","short-or-unresolved","false","false","false","13","0","…/… 张数据表同步失败。","","","toast.error(t(""toastSyncAllPartial"", { failed: failures.length, total: outcomes.length }))"
"components/settings/companion/sync-status-card.tsx","133","error","runtime-detail","false","false","true","0","0","","","","toast.error(err instanceof Error ? err.message : String(err))"
"components/settings/companion/webrtc-card.tsx","227","error","short-or-unresolved","false","false","false","28","0","信令 URL 必须以 ws:// 或 wss:// 开头","","","toast.error(t(""invalidUrl""))"
"components/settings/companion/webrtc-card.tsx","235","warning","short-or-unresolved","false","false","false","16","0","跳过无效 ICE 服务器条目：…","","","toast.warning(t(""invalidIceServer"", { value: bad }))"
"components/settings/companion/webrtc-card.tsx","291","error","runtime-detail","false","false","true","18","0","保存 WebRTC 设置失败（…）。","","","toast.error(
        t(""saveFailed"", {
          reason: err instanceof Error ? err.message : String(err),
        })
      )"
"components/settings/companion/webrtc-card.tsx","329","error","runtime-detail","false","false","true","16","0","TURN 供应商测试失败（…）。","","","toast.error(t(""turnTestFailed"", { reason: err instanceof Error ? err.message : String(err) }))"
"components/settings/companion/webrtc-card.tsx","543","warning","guidance-text","false","false","false","15","0","操作过于频繁，请稍等几秒再试。","","","toast.warning(t(""reconnectThrottled""))"
"components/settings/companion/webrtc-card.tsx","545","error","short-or-unresolved","false","false","false","8","0","重连失败（…）。","","","toast.error(t(""reconnectFailed"", { reason: msg }))"
"components/settings/connections/adapters/adapter-list-row.tsx","111","error","runtime-detail","false","false","true","0","0","","","","toast.error(err instanceof Error ? err.message : String(err))"
"components/settings/connections/docs-providers/docs-providers-card.tsx","213","error","runtime-detail","false","false","true","8","0","无法开始授权：…","","","toast.error(t(""settings.connectFailed"", { reason }))"
"components/settings/connections/docs-providers/docs-providers-card.tsx","232","warning","runtime-detail","false","false","true","62","0","已在本地断开，但向 Google 吊销失败（…）。请到 Google 账号的第三方访问设置里移除 Cognia 以彻底完成。","","","toast.warning(t(""settings.disconnectNotRevoked"", { reason: outcome.reason }))"
"components/settings/connections/forms/dingtalk-config.tsx","88","error","short-or-unresolved","false","false","false","25","0","App Key 和 App Secret 不能为空","","","toast.error(t(""credentialsRequired""))"
"components/settings/connections/forms/dingtalk-config.tsx","101","error","runtime-detail","false","false","true","10","0","钉钉凭据测试失败：…","","","toast.error(t(""testFailedToast"", { error }))"
"components/settings/connections/forms/dingtalk-config.tsx","109","error","short-or-unresolved","false","false","false","8","0","显示名称不能为空","","","toast.error(t(""displayNameRequired""))"
"components/settings/connections/forms/dingtalk-config.tsx","113","error","short-or-unresolved","false","false","false","25","0","App Key 和 App Secret 不能为空","","","toast.error(t(""credentialsRequired""))"
"components/settings/connections/forms/dingtalk-config.tsx","117","error","short-or-unresolved","false","false","false","18","0","免打扰时段需要开始、结束时间和时区。","","","toast.error(t(""quietHoursIncomplete""))"
"components/settings/connections/forms/dingtalk-config.tsx","162","error","runtime-detail","false","false","true","0","0","","","","toast.error(err instanceof Error ? err.message : String(err))"
"components/settings/connections/forms/discord-config.tsx","146","error","short-or-unresolved","false","false","false","4","0","连接失败","","","toast.error(t(""connectionFailedToast""))"
"components/settings/connections/forms/discord-config.tsx","152","error","guidance-text","false","false","false","15","0","请先输入 Bot Token。","","","toast.error(t(""tokenRequiredForTest""))"
"components/settings/connections/forms/discord-config.tsx","163","error","runtime-detail","false","false","true","4","0","连接失败","","","toast.error(result.error ?? t(""connectionFailedToast""))"
"components/settings/connections/forms/discord-config.tsx","169","error","short-or-unresolved","false","false","false","9","0","显示名称不能为空。","","","toast.error(t(""displayNameRequired""))"
"components/settings/connections/forms/discord-config.tsx","182","error","short-or-unresolved","false","false","false","26","0","Bot Token 不能为空。 | Webhook 模式需要填写 Public Key。","","","toast.error(
        t(missingCredentials[0] === ""botToken"" ? ""botTokenRequired"" : ""publicKeyRequiredForWebhook"")
      )"
"components/settings/connections/forms/discord-config.tsx","188","error","short-or-unresolved","false","false","false","20","0","免打扰时段需要同时填写开始、结束与时区。","","","toast.error(t(""quietHoursIncomplete""))"
"components/settings/connections/forms/discord-config.tsx","197","error","short-or-unresolved","false","false","false","24","0","Gateway intents 必须是非负整数。","","","toast.error(t(""intentsInvalid""))"
"components/settings/connections/forms/discord-config.tsx","264","error","runtime-detail","false","false","true","0","0","","","","toast.error(err instanceof Error ? err.message : String(err))"
"components/settings/connections/forms/lark-config.tsx","278","error","guidance-text","false","false","false","25","0","请先输入 App ID 和 App Secret。","","","toast.error(t(""tokenRequiredForTest""))"
"components/settings/connections/forms/lark-config.tsx","291","error","runtime-detail","false","false","true","9","0","无法验证应用凭据。","","","toast.error(result.error ?? t(""connectionFailedToast""))"
"components/settings/connections/forms/lark-config.tsx","297","error","guidance-text","false","false","false","19","0","请先保存适配器；刷新依赖已保存的凭证。","","","toast.error(t(""selfBotOpenIdNeedsSavedAdapter""))"
"components/settings/connections/forms/lark-config.tsx","307","error","runtime-detail","false","false","true","6","0","刷新失败：…","","","toast.error(t(""selfBotOpenIdRefreshFailed"", { reason: result.message }))"
"components/settings/connections/forms/lark-config.tsx","316","error","guidance-text","false","false","false","19","0","请先保存适配器；授权需要已保存的凭据。","","","toast.error(t(""authorizeNeedsSavedAdapter""))"
"components/settings/connections/forms/lark-config.tsx","326","error","guidance-text","false","false","false","47","0","请先设置回调地址（或在 设置 → 平台连接 → 概览 中启动隧道以自动生成）—— 授权需要它。","","","toast.error(t(""authorizeNeedsRedirect""))"
"components/settings/connections/forms/lark-config.tsx","350","error","runtime-detail","false","false","true","21","0","请先保存 App ID —— 授权需要它。","","","toast.error(reason === ""app_id_missing"" ? t(""authorizeNeedsAppId"") : reason)"
"components/settings/connections/forms/lark-config.tsx","361","error","runtime-detail","false","false","true","0","0","","","","toast.error(err instanceof Error ? err.message : String(err))"
"components/settings/connections/forms/lark-config.tsx","370","error","runtime-detail","false","false","true","0","0","","","","toast.error(err instanceof Error ? err.message : String(err))"
"components/settings/connections/forms/lark-config.tsx","377","error","guidance-text","false","false","false","0","0","内容间距 | 自定义运行过程卡片与最终回复。 | 桌面端回复字号 | 标题图片 Key | 已上传的飞书图片 Key（img_…） | 标题标签 | 最多 3 个标签，使用英文逗号分隔 | 警告和错误仍保留醒目颜色。过程显示方式对新运行生效，已有时间线按原方式结束。保存后会重启此连接。 | 过程面板 | 请同时填写浅色和深色过程面板颜色（六位十六进制值），或同时留空。 | 请输入以 img_ 开头的有效飞书图片 Key。 | 最多填写 3 个英文逗号分隔的标签，每个不超过 20 个字符。 | 请填写模板 ID 和固定的已发布版本，仅支持字母、数字、点、下划线和连字符。 | 移动端回复字号 | 舒适 | 紧凑 | 特大（20 px） | 较大（17–18 px） | 大号（16 px） | 标准（14 px） | 小号（12 px） | 自动 | 默认折叠 | 始终展开 | 特大（20 px） | 较大（17–18 px） | 大号（16 px） | 标准（14 px） | 小号（12 px） | 优先使用原生时间线 | 在卡片内显示过程 | 蓝色 | 洋红色 | 绿色 | 灰色 | 靛蓝色 | 橙色 | 紫色 | 红色 | 跟随状态 | 青绿色 | 紫罗兰色 | 浅蓝色 | 黄色 | 窄版 | 默认 | 适应窗口宽度 | 深色模式过程面板颜色 | #99CCFF | 浅色模式过程面板颜色 | #336699 | 过程显示方式 | 恢复默认卡片外观 | 成功回复使用卡片模板 | 使用已发布的飞书新版卡片模板并指定固定版本。运行中、已停止和失败卡片保留内置布局；模板被明确拒绝时回退到内置结果卡片。 | 模板 ID | 在模板中创建以下变量：answer、status、title、quote、details_url（文本），elapsed_ms（数字）。必须使用 answer 变量展示回复正文。内置卡片的外观设置不会修改模板布局。 | 已发布的模板版本 | 卡片外观 | 显示产物 | 显示耗时 | 显示最终回复页脚 | 显示进度摘要 | 最终回复显示引用 | 副标题 | 可选的辅助标题 | 标题配色 | 自定义卡片标题 | 使用任务标题 | 卡片宽度","","","toast.error(t(`cardPresentation.${appearanceError}`))"
"components/settings/connections/forms/lark-config.tsx","381","error","short-or-unresolved","false","false","false","9","0","显示名称不能为空。","","","toast.error(t(""displayNameRequired""))"
"components/settings/connections/forms/lark-config.tsx","386","error","short-or-unresolved","false","false","false","12","0","App ID 不能为空。","","","toast.error(
        t(
          missing[0] === ""appId""
            ? ""appIdRequired""
            : missing[0] === ""appSecret""
              ? ""appSecretRequired""
              : ""verificationTokenRequired""
        )
      )"
"components/settings/connections/forms/lark-config.tsx","400","error","short-or-unresolved","false","false","false","20","0","免打扰时段需要同时填写开始、结束与时区。","","","toast.error(t(""quietHoursIncomplete""))"
"components/settings/connections/forms/lark-config.tsx","477","error","runtime-detail","false","false","true","0","0","","","","toast.error(err instanceof Error ? err.message : String(err))"
"components/settings/connections/forms/lark/lark-setup-guide.tsx","80","error","guidance-text","false","false","false","23","0","无法打开飞书页面，请在浏览器中打开开发者后台。","","","toast.error(t(""openFailed""))"
"components/settings/connections/forms/lark/lark-setup-guide.tsx","94","error","guidance-text","false","false","false","20","0","复制失败，请选中上方权限名称并手动复制。","","","toast.error(t(""copyFailed""))"
"components/settings/connections/forms/lark/lark-setup-guide.tsx","101","error","guidance-text","false","false","false","20","0","复制失败，请选中上方权限名称并手动复制。","","","toast.error(t(""copyFailed""))"
"components/settings/connections/forms/lark/lark-setup-guide.tsx","108","error","guidance-text","false","false","false","20","0","复制失败，请选中上方权限名称并手动复制。","","","toast.error(t(""copyFailed""))"
"components/settings/connections/forms/matrix-config.tsx","107","error","short-or-unresolved","false","false","false","17","0","Homeserver 地址不能为空","","","toast.error(t(""homeserverRequired""))"
"components/settings/connections/forms/matrix-config.tsx","111","error","guidance-text","false","false","false","9","0","请输入用户名和密码","","","toast.error(t(""passwordLogin.credentialsRequired""))"
"components/settings/connections/forms/matrix-config.tsx","130","error","runtime-detail","false","false","true","0","0","","","","toast.error(err instanceof Error ? err.message : String(err))"
"components/settings/connections/forms/matrix-config.tsx","138","error","short-or-unresolved","false","false","false","17","0","Homeserver 地址不能为空","","","toast.error(t(""homeserverRequired""))"
"components/settings/connections/forms/matrix-config.tsx","142","error","short-or-unresolved","false","false","false","8","0","访问令牌不能为空","","","toast.error(t(""accessTokenRequired""))"
"components/settings/connections/forms/matrix-config.tsx","159","error","runtime-detail","false","false","true","15","0","Matrix 令牌测试失败：…","","","toast.error(t(""testFailedToast"", { error: result.error }))"
"components/settings/connections/forms/matrix-config.tsx","164","error","runtime-detail","false","false","true","15","0","Matrix 令牌测试失败：…","","","toast.error(t(""testFailedToast"", { error }))"
"components/settings/connections/forms/matrix-config.tsx","172","error","short-or-unresolved","false","false","false","8","0","显示名称不能为空","","","toast.error(t(""displayNameRequired""))"
"components/settings/connections/forms/matrix-config.tsx","176","error","short-or-unresolved","false","false","false","17","0","Homeserver 地址不能为空","","","toast.error(t(""homeserverRequired""))"
"components/settings/connections/forms/matrix-config.tsx","184","error","short-or-unresolved","false","false","false","8","0","访问令牌不能为空","","","toast.error(t(""accessTokenRequired""))"
"components/settings/connections/forms/matrix-config.tsx","188","error","short-or-unresolved","false","false","false","18","0","免打扰时段需要开始、结束时间和时区。","","","toast.error(t(""quietHoursIncomplete""))"
"components/settings/connections/forms/matrix-config.tsx","240","error","runtime-detail","false","false","true","0","0","","","","toast.error(err instanceof Error ? err.message : String(err))"
"components/settings/connections/forms/onebot-config.tsx","160","error","short-or-unresolved","false","false","false","9","0","显示名称不能为空。","","","toast.error(t(""displayNameRequired""))"
"components/settings/connections/forms/onebot-config.tsx","164","error","short-or-unresolved","false","false","false","13","0","Bot UIN 不能为空。","","","toast.error(t(""botUinRequired""))"
"components/settings/connections/forms/onebot-config.tsx","168","error","short-or-unresolved","false","false","false","13","0","正向 WS 地址不能为空。","","","toast.error(t(""forwardUrlRequired""))"
"components/settings/connections/forms/onebot-config.tsx","172","error","short-or-unresolved","false","false","false","20","0","免打扰时段需要同时填写开始、结束与时区。","","","toast.error(t(""quietHoursIncomplete""))"
"components/settings/connections/forms/onebot-config.tsx","252","error","runtime-detail","false","false","true","0","0","","","","toast.error(err instanceof Error ? err.message : String(err))"
"components/settings/connections/forms/onebot-config.tsx","260","error","guidance-text","false","false","false","14","0","请先保存适配器，再验证连接。","","","toast.error(t(""saveBeforeVerify""))"
"components/settings/connections/forms/onebot-config.tsx","285","error","guidance-text","false","false","false","37","0","10 秒内没有收到连接。请确认 NapCat 已运行并指向正确的 URL。","","","toast.error(t(""verifyTimeoutToast""))"
"components/settings/connections/forms/onebot-config.tsx","297","error","guidance-text","false","false","false","14","0","请先保存适配器，再验证连接。","","","toast.error(t(""saveBeforeVerify""))"
"components/settings/connections/forms/onebot-config.tsx","306","error","runtime-detail","false","false","true","0","0","","","","toast.error(err instanceof Error ? err.message : String(err))"
"components/settings/connections/forms/onebot-config.tsx","318","error","runtime-detail","false","false","true","0","0","","","","toast.error(err instanceof Error ? err.message : String(err))"
"components/settings/connections/forms/plugin-connector-config.tsx","100","error","guidance-text","false","false","false","12","0","请为这个连接器起个名字。","","","toast.error(t(""nameRequired""))"
"components/settings/connections/forms/plugin-connector-config.tsx","105","error","runtime-detail","false","false","true","5","0","请填写：…","","","toast.error(t(""credentialsRequired"", { fields: missing.join("", "") }))"
"components/settings/connections/forms/plugin-connector-config.tsx","137","error","runtime-detail","false","false","true","0","0","","","","toast.error(err instanceof Error ? err.message : String(err))"
"components/settings/connections/forms/qq-official-config.tsx","95","error","runtime-detail","false","false","true","0","0","","","","toast.error(err instanceof Error ? err.message : String(err))"
"components/settings/connections/forms/qq-official-config.tsx","110","error","short-or-unresolved","false","false","false","27","0","App ID 和 Client Secret 不能为空","","","toast.error(t(""credentialsRequired""))"
"components/settings/connections/forms/qq-official-config.tsx","127","error","runtime-detail","false","false","true","11","0","QQ 凭据测试失败：…","","","toast.error(t(""testFailedToast"", { error }))"
"components/settings/connections/forms/qq-official-config.tsx","135","error","short-or-unresolved","false","false","false","8","0","显示名称不能为空","","","toast.error(t(""displayNameRequired""))"
"components/settings/connections/forms/qq-official-config.tsx","139","error","short-or-unresolved","false","false","false","27","0","App ID 和 Client Secret 不能为空","","","toast.error(t(""credentialsRequired""))"
"components/settings/connections/forms/qq-official-config.tsx","143","error","short-or-unresolved","false","false","false","18","0","免打扰时段需要开始、结束时间和时区。","","","toast.error(t(""quietHoursIncomplete""))"
"components/settings/connections/forms/qq-official-config.tsx","186","error","runtime-detail","false","false","true","0","0","","","","toast.error(err instanceof Error ? err.message : String(err))"
"components/settings/connections/forms/slack-config.tsx","224","error","guidance-text","false","false","false","15","0","请先输入 Bot Token。","","","toast.error(t(""tokenRequiredForTest""))"
"components/settings/connections/forms/slack-config.tsx","240","error","runtime-detail","false","false","true","4","0","连接失败","","","toast.error(result.error ?? t(""connectionFailedToast""))"
"components/settings/connections/forms/slack-config.tsx","246","error","guidance-text","false","false","false","20","0","请先保存这个连接 —— 授权要绑定到它。","","","toast.error(t(""oauthNeedsSavedAdapter""))"
"components/settings/connections/forms/slack-config.tsx","256","error","guidance-text","false","false","false","48","0","OAuth 需要一个 Slack 能回跳的公网地址。请启动隧道（桌面端）或配置公网源（自托管）。","","","toast.error(t(""oauthNeedsRelay""))"
"components/settings/connections/forms/slack-config.tsx","283","error","guidance-text","false","false","false","30","0","请先填写并保存 OAuth Client ID，再发起授权。 | 连接失败","","","toast.error(
        reason === ""client_id_missing"" ? t(""oauthNeedsClientId"") : t(""connectionFailedToast"")
      )"
"components/settings/connections/forms/slack-config.tsx","296","error","runtime-detail","false","false","true","0","0","","","","toast.error(err instanceof Error ? err.message : String(err))"
"components/settings/connections/forms/slack-config.tsx","302","error","short-or-unresolved","false","false","false","9","0","显示名称不能为空。","","","toast.error(t(""displayNameRequired""))"
"components/settings/connections/forms/slack-config.tsx","316","error","short-or-unresolved","false","false","false","15","0","Bot Token 不能为空。","","","toast.error(
        t(
          missingCredentials[0] === ""botToken""
            ? ""botTokenRequired""
            : missingCredentials[0] === ""signingSecret""
              ? ""signingSecretRequired""
              : ""appTokenRequired""
        )
      )"
"components/settings/connections/forms/slack-config.tsx","328","error","short-or-unresolved","false","false","false","20","0","免打扰时段需要同时填写开始、结束与时区。","","","toast.error(t(""quietHoursIncomplete""))"
"components/settings/connections/forms/slack-config.tsx","333","error","short-or-unresolved","false","false","false","20","0","历史页数必须是 … 到 … 之间的整数。","","","toast.error(
        t(""historyMaxPagesInvalid"", {
          min: SLACK_HISTORY_MAX_PAGES_MIN,
          max: SLACK_HISTORY_MAX_PAGES_MAX,
        })
      )"
"components/settings/connections/forms/slack-config.tsx","405","error","runtime-detail","false","false","true","0","0","","","","toast.error(err instanceof Error ? err.message : String(err))"
"components/settings/connections/forms/telegram-config.tsx","144","error","guidance-text","false","false","false","15","0","请先输入 Bot Token。","","","toast.error(t(""tokenRequiredForTest""))"
"components/settings/connections/forms/telegram-config.tsx","155","error","runtime-detail","false","false","true","4","0","连接失败","","","toast.error(result.error ?? t(""connectionFailedToast""))"
"components/settings/connections/forms/telegram-config.tsx","164","error","runtime-detail","false","false","true","0","0","","","","toast.error(err instanceof Error ? err.message : String(err))"
"components/settings/connections/forms/telegram-config.tsx","170","error","short-or-unresolved","false","false","false","9","0","显示名称不能为空。","","","toast.error(t(""displayNameRequired""))"
"components/settings/connections/forms/telegram-config.tsx","177","error","short-or-unresolved","false","false","false","15","0","Bot Token 不能为空。","","","toast.error(t(""botTokenRequired""))"
"components/settings/connections/forms/telegram-config.tsx","181","error","short-or-unresolved","false","false","false","20","0","免打扰时段需要同时填写开始、结束与时区。","","","toast.error(t(""quietHoursIncomplete""))"
"components/settings/connections/forms/telegram-config.tsx","194","error","short-or-unresolved","false","false","false","40","0","必须设置 Webhook 密钥，否则 Telegram 的每一次推送都会被拒绝。","","","toast.error(t(""webhookSecretRequired""))"
"components/settings/connections/forms/telegram-config.tsx","260","error","runtime-detail","false","false","true","0","0","","","","toast.error(err instanceof Error ? err.message : String(err))"
"components/settings/connections/forms/wechat-oa-config.tsx","100","error","runtime-detail","false","false","true","0","0","","","","toast.error(err instanceof Error ? err.message : String(err))"
"components/settings/connections/forms/wechat-oa-config.tsx","106","error","guidance-text","false","false","false","31","0","请先填写 App ID 和 App Secret，再测试连接。","","","toast.error(t(""appCredentialsRequired""))"
"components/settings/connections/forms/wechat-oa-config.tsx","119","error","runtime-detail","false","false","true","13","0","微信公众号凭据测试失败：…","","","toast.error(t(""testFailedToast"", { error }))"
"components/settings/connections/forms/wechat-oa-config.tsx","127","error","short-or-unresolved","false","false","false","8","0","显示名称不能为空","","","toast.error(t(""displayNameRequired""))"
"components/settings/connections/forms/wechat-oa-config.tsx","131","error","short-or-unresolved","false","false","false","45","0","App ID、App Secret、Token 和 EncodingAESKey 不能为空","","","toast.error(t(""credentialsRequired""))"
"components/settings/connections/forms/wechat-oa-config.tsx","135","error","short-or-unresolved","false","false","false","26","0","EncodingAESKey 必须为 43 个字符。","","","toast.error(t(""encodingAesKeyInvalid""))"
"components/settings/connections/forms/wechat-oa-config.tsx","139","error","short-or-unresolved","false","false","false","18","0","免打扰时段需要开始、结束时间和时区。","","","toast.error(t(""quietHoursIncomplete""))"
"components/settings/connections/forms/wechat-oa-config.tsx","181","error","runtime-detail","false","false","true","0","0","","","","toast.error(err instanceof Error ? err.message : String(err))"
"components/settings/connections/forms/wechat-personal-config.tsx","170","error","runtime-detail","false","false","true","0","0","","","","toast.error(err instanceof Error ? err.message : String(err))"
"components/settings/connections/forms/wechat-personal-config.tsx","180","error","short-or-unresolved","false","false","false","19","0","个人微信扫码登录仅在桌面运行时中可用。","","","toast.error(t(""desktopOnly""))"
"components/settings/connections/forms/wechat-personal-config.tsx","196","error","short-or-unresolved","false","false","false","10","0","获取登录二维码失败。","","","toast.error(t(""qrFailed""))"
"components/settings/connections/forms/wechat-personal-config.tsx","206","error","short-or-unresolved","false","false","false","10","0","获取登录二维码失败。","","","toast.error(t(""qrFailed""))"
"components/settings/connections/forms/wechat-personal-config.tsx","274","error","short-or-unresolved","false","false","false","0","0","","","","toast.error(failureMessage)"
"components/settings/connections/forms/wechat-personal-config.tsx","288","error","guidance-text","false","false","false","15","0","请输入微信中显示的数字配对码。","","","toast.error(t(""verifyCodeRequired""))"
"components/settings/connections/forms/wechat-personal-config.tsx","297","error","short-or-unresolved","false","false","false","9","0","显示名称为必填项。","","","toast.error(t(""displayNameRequired""))"
"components/settings/connections/forms/wechat-personal-config.tsx","301","error","guidance-text","false","false","false","13","0","请先扫码并确认登录再保存。","","","toast.error(t(""loginRequired""))"
"components/settings/connections/forms/wechat-personal-config.tsx","305","error","short-or-unresolved","false","false","false","20","0","免打扰时段需要同时填写开始、结束与时区。","","","toast.error(t(""quietHoursIncomplete""))"
"components/settings/connections/forms/wechat-personal-config.tsx","321","error","runtime-detail","false","false","true","0","0","","","","toast.error(err instanceof Error ? err.message : String(err))"
"components/settings/connections/forms/wecom-config.tsx","97","error","short-or-unresolved","false","false","false","21","0","Bot ID 和 Secret 为必填项。","","","toast.error(t(""credentialsRequired""))"
"components/settings/connections/forms/wecom-config.tsx","115","error","runtime-detail","false","false","true","12","0","企业微信凭据测试失败：…","","","toast.error(conflict ? detail : t(""testFailedToast"", { error: result.error }))"
"components/settings/connections/forms/wecom-config.tsx","120","error","runtime-detail","false","false","true","12","0","企业微信凭据测试失败：…","","","toast.error(t(""testFailedToast"", { error }))"
"components/settings/connections/forms/wecom-config.tsx","128","error","short-or-unresolved","false","false","false","9","0","显示名称为必填项。","","","toast.error(t(""displayNameRequired""))"
"components/settings/connections/forms/wecom-config.tsx","134","error","short-or-unresolved","false","false","false","21","0","Bot ID 和 Secret 为必填项。","","","toast.error(t(""credentialsRequired""))"
"components/settings/connections/forms/wecom-config.tsx","138","error","short-or-unresolved","false","false","false","20","0","免打扰时段需要同时填写开始、结束与时区。","","","toast.error(t(""quietHoursIncomplete""))"
"components/settings/connections/forms/wecom-config.tsx","202","error","runtime-detail","false","false","true","0","0","","","","toast.error(err instanceof Error ? err.message : String(err))"
"components/settings/connections/tabs/canned-responses-tab.tsx","34","error","short-or-unresolved","false","false","false","10","0","标题和正文均为必填。","","","toast.error(t(""titleBodyRequired""))"
"components/settings/connections/tabs/canned-responses-tab.tsx","43","error","runtime-detail","false","false","true","0","0","","","","toast.error(err instanceof Error ? err.message : String(err))"
"components/settings/connections/tabs/canned-responses-tab.tsx","53","error","runtime-detail","false","false","true","0","0","","","","toast.error(err instanceof Error ? err.message : String(err))"
"components/settings/connections/tabs/tunnel-tab.tsx","161","error","short-or-unresolved","false","false","false","9","0","隧道控制需要桌面端","","","toast.error(t(""desktopOnly""))"
"components/settings/connections/tabs/tunnel-tab.tsx","176","error","guidance-text","false","false","false","18","0","本机尚未安装 cloudflared","","","toast.error(t(""notInstalled""))"
"components/settings/connections/tabs/tunnel-tab.tsx","178","error","short-or-unresolved","false","false","false","9","0","隧道控制需要桌面端","","","toast.error(t(""desktopOnly""))"
"components/settings/connections/tabs/tunnel-tab.tsx","180","error","runtime-detail","false","false","true","0","0","","","","toast.error(result.message)"
"components/settings/connections/tabs/tunnel-tab.tsx","211","error","short-or-unresolved","false","false","false","4","0","复制失败","","","toast.error(t(""copyFailed""))"
"components/settings/connectivity/blocks/mdns-block.tsx","82","error","runtime-detail","false","false","true","0","0","","","","toast.error(err instanceof Error ? err.message : String(err))"
"components/settings/connectivity/blocks/mesh-block.tsx","116","error","runtime-detail","false","false","true","0","0","","","","toast.error(err instanceof Error ? err.message : String(err))"
"components/settings/connectivity/blocks/pair-invitation-block.tsx","71","error","guidance-text","false","false","false","15","0","请先解锁本地账户，再配对设备。","","","toast.error(t(""accountLocked""))"
"components/settings/connectivity/blocks/pair-invitation-block.tsx","79","error","runtime-detail","false","false","true","0","0","","","","toast.error(err instanceof Error ? err.message : String(err))"
"components/settings/connectivity/blocks/push-credentials-block.tsx","84","error","runtime-detail","false","false","true","10","0","推送状态获取失败：…","","","toast.error(t(""statusFailed"", { message: err instanceof Error ? err.message : String(err) }))"
"components/settings/connectivity/blocks/push-credentials-block.tsx","110","error","guidance-text","false","false","false","19","0","请先粘贴 FCM 服务账号 JSON。","","","toast.error(t(""fcmRequired""))"
"components/settings/connectivity/blocks/push-credentials-block.tsx","122","error","runtime-detail","false","false","true","10","0","FCM 配置失败：…","","","toast.error(
        t(""fcmConfigureFailed"", { message: err instanceof Error ? err.message : String(err) })
      )"
"components/settings/connectivity/blocks/push-credentials-block.tsx","137","error","runtime-detail","false","false","true","10","0","FCM 清除失败：…","","","toast.error(
        t(""fcmClearFailed"", { message: err instanceof Error ? err.message : String(err) })
      )"
"components/settings/connectivity/blocks/push-credentials-block.tsx","149","error","short-or-unresolved","false","false","false","12","0","APNs：… 为必填项。","","","toast.error(t(""apnsFieldRequired"", { field }))"
"components/settings/connectivity/blocks/push-credentials-block.tsx","160","error","runtime-detail","false","false","true","11","0","APNs 配置失败：…","","","toast.error(
        t(""apnsConfigureFailed"", { message: err instanceof Error ? err.message : String(err) })
      )"
"components/settings/connectivity/blocks/push-credentials-block.tsx","175","error","runtime-detail","false","false","true","11","0","APNs 清除失败：…","","","toast.error(
        t(""apnsClearFailed"", { message: err instanceof Error ? err.message : String(err) })
      )"
"components/settings/connectivity/blocks/push-credentials-block.tsx","185","error","guidance-text","false","false","false","14","0","请先输入华为 App ID。","","","toast.error(t(""hmsAppIdRequired""))"
"components/settings/connectivity/blocks/push-credentials-block.tsx","189","error","guidance-text","false","false","false","12","0","请先输入华为客户端密钥。","","","toast.error(t(""hmsClientSecretRequired""))"
"components/settings/connectivity/blocks/push-credentials-block.tsx","202","error","runtime-detail","false","false","true","10","0","配置华为推送失败：…","","","toast.error(
        t(""hmsConfigureFailed"", { message: err instanceof Error ? err.message : String(err) })
      )"
"components/settings/connectivity/blocks/push-credentials-block.tsx","218","error","runtime-detail","false","false","true","10","0","清除华为推送失败：…","","","toast.error(
        t(""hmsClearFailed"", { message: err instanceof Error ? err.message : String(err) })
      )"
"components/settings/connectivity/blocks/push-test-block.tsx","70","error","runtime-detail","false","false","true","8","0","测试推送失败：…","","","toast.error(t(""testFailed"", { message: err instanceof Error ? err.message : String(err) }))"
"components/settings/connectivity/blocks/server-block.tsx","123","error","runtime-detail","false","false","true","0","0","","","","toast.error(err instanceof Error ? err.message : String(err))"
"components/settings/connectivity/blocks/server-block.tsx","145","error","runtime-detail","false","false","true","0","0","","","","toast.error(err instanceof Error ? err.message : String(err))"
"components/settings/connectivity/blocks/tunnel-block.tsx","130","error","guidance-text","false","false","false","37","0","找不到 cloudflared，先 brew/winget/apt 安装。","","","toast.error(t(""notInstalled""))"
"components/settings/connectivity/blocks/tunnel-block.tsx","133","error","runtime-detail","false","false","true","0","0","","","","toast.error(outcome.message)"
"components/settings/connectivity/blocks/tunnel-block.tsx","154","error","runtime-detail","false","false","true","0","0","","","","toast.error(err instanceof Error ? err.message : String(err))"
"components/settings/connectivity/blocks/tunnel-block.tsx","194","error","runtime-detail","false","false","true","0","0","","","","toast.error(err instanceof Error ? err.message : String(err))"
"components/settings/connectivity/blocks/tunnel-block.tsx","218","error","runtime-detail","false","false","true","0","0","","","","toast.error(err instanceof Error ? err.message : String(err))"
"components/settings/connectivity/blocks/tunnel-block.tsx","235","error","runtime-detail","false","false","true","0","0","","","","toast.error(err instanceof Error ? err.message : String(err))"
"components/settings/data/github-backup-card.tsx","128","error","guidance-text","false","false","false","20","0","请按 owner/name 格式填写仓库","","","toast.error(t(""repoInvalid""))"
"components/settings/data/github-backup-card.tsx","151","error","runtime-detail","false","false","true","0","0","","","","toast.error(err instanceof Error ? err.message : String(err))"
"components/settings/data/github-backup-card.tsx","166","error","runtime-detail","false","true","true","6","0","仓库校验失败","","","toast.error(t(""verifyFailed""), { description: result.error })"
"components/settings/data/github-backup-card.tsx","175","error","guidance-text","false","false","false","22","0","上传前请先解锁同步口令（WebDAV 卡片）","","","toast.error(t(""passphraseRequired""))"
"components/settings/data/github-backup-card.tsx","185","error","runtime-detail","false","true","true","11","0","GitHub 上传失败","","","toast.error(t(""syncFailed""), { description: result.error })"
"components/settings/data/google-drive-backup-card.tsx","77","error","guidance-text","false","false","false","16","0","请输入 OAuth 客户端 ID","","","toast.error(t(""clientIdRequired""))"
"components/settings/data/google-drive-backup-card.tsx","98","error","runtime-detail","false","false","true","0","0","","","","toast.error(err instanceof Error ? err.message : String(err))"
"components/settings/data/google-drive-backup-card.tsx","121","error","guidance-text","false","false","false","5","0","授权被拒绝","","","toast.error(t(""connectDenied""))"
"components/settings/data/google-drive-backup-card.tsx","124","error","guidance-text","false","false","false","12","0","设备代码已过期——请重试","","","toast.error(t(""connectExpired""))"
"components/settings/data/google-drive-backup-card.tsx","127","error","runtime-detail","false","true","true","17","0","无法连接 Google Drive","","","toast.error(t(""connectFailed""), { description: outcome.error })"
"components/settings/data/google-drive-backup-card.tsx","133","error","runtime-detail","false","true","true","17","0","无法连接 Google Drive","","","toast.error(t(""connectFailed""), {
        description: err instanceof Error ? err.message : String(err),
      })"
"components/settings/data/google-drive-backup-card.tsx","160","error","guidance-text","false","false","false","22","0","上传前请先解锁同步口令（WebDAV 卡片）","","","toast.error(t(""passphraseRequired""))"
"components/settings/data/google-drive-backup-card.tsx","170","error","runtime-detail","false","true","true","17","0","Google Drive 上传失败","","","toast.error(t(""syncFailed""), { description: result.error })"
"components/settings/data/tabs/backup-restore-tab.tsx","99","error","short-or-unresolved","false","false","false","12","0","此模式必须提供密码短语。","","","toast.error(t(""backup.passphraseRequired""))"
"components/settings/data/tabs/backup-restore-tab.tsx","112","error","guidance-text","false","false","false","28","0","当前运行环境没有可用的加密密钥。请改用口令或明文再分享。","","","toast.error(t(""backup.shareScan.keyUnavailable""))"
"components/settings/data/tabs/backup-restore-tab.tsx","161","error","runtime-detail","false","false","true","7","0","已取消导出。…","","","toast.error(tBackup(""biometricBlocked"", { reason: blockReason(outcome.reason) }))"
"components/settings/data/tabs/backup-restore-tab.tsx","168","error","guidance-text","false","false","false","42","0","此备份过大，无法生成分享链接。请使用“导出备份”保存本地流式备份，完整保留所有附件。 | 无法准备用于分享的备份。","","","toast.error(
        t(
          err instanceof BackupRequiresStreamError
            ? ""backup.shareScan.streamingRequired""
            : ""backup.shareScan.prepareFailed""
        )
      )"
"components/settings/data/tabs/backup-restore-tab.tsx","190","error","short-or-unresolved","false","false","false","12","0","此模式必须提供密码短语。","","","toast.error(t(""backup.passphraseRequired""))"
"components/settings/data/tabs/backup-restore-tab.tsx","241","error","runtime-detail","false","false","true","0","0","","","","toast.error(result.error)"
"components/settings/data/tabs/backup-restore-tab.tsx","424","error","short-or-unresolved","false","false","false","13","0","当前环境无法轮换自动密钥。","","","toast.error(t(""backup.rotateKeyFailed""))"
"components/settings/data/tabs/data-overview-tab.tsx","71","error","runtime-detail","false","false","true","0","0","","","","toast.error(err instanceof Error ? err.message : String(err))"
"components/settings/data/tabs/domain-transfer-tab.tsx","191","error","runtime-detail","false","false","true","0","0","","","","toast.error(err instanceof Error ? err.message : String(err))"
"components/settings/data/tabs/maintenance-tab.tsx","406","error","runtime-detail","false","false","true","0","0","","","","toast.error(err instanceof Error ? err.message : String(err))"
"components/settings/data/webdav-sync-card.tsx","187","error","runtime-detail","false","false","true","10","0","无法打开配置对话：…","","","toast.error(
        t(""aiConfigureFailed"", {
          error: error instanceof Error ? error.message : String(error),
        })
      )"
"components/settings/data/webdav-sync-card.tsx","200","error","guidance-text","false","false","false","17","0","请先填写服务器地址、用户名和密码。","","","toast.error(t(""testIncomplete""))"
"components/settings/data/webdav-sync-card.tsx","211","error","runtime-detail","false","false","true","41","0","连接失败：… | 仅桌面应用支持跳过证书验证。手机端请使用受信任的 HTTPS 证书，并关闭此选项。","","","toast.error(
        t(""testFailed"", { error: webDavErrorMessage(err, t(""certificateOverrideUnavailable"")) })
      )"
"components/settings/data/webdav-sync-card.tsx","221","error","guidance-text","false","false","false","9","0","请先输入同步口令。","","","toast.error(t(""passphraseRequired""))"
"components/settings/data/webdav-sync-card.tsx","232","error","runtime-detail","false","false","true","41","0","上传失败：… | 仅桌面应用支持跳过证书验证。手机端请使用受信任的 HTTPS 证书，并关闭此选项。","","","toast.error(
          t(""syncFailed"", {
            error: webDavErrorMessage(result.error, t(""certificateOverrideUnavailable"")),
          })
        )"
"components/settings/desktop-section.tsx","103","error","runtime-detail","false","false","true","9","0","无法修改自启动：…","","","toast.error(t(""launchAutostartFailed"", { error: errorText }))"
"components/settings/desktop-section.tsx","115","error","runtime-detail","false","false","true","10","0","无法更新关闭行为：…","","","toast.error(t(""closeBehaviorFailed"", { error: errorText }))"
"components/settings/desktop-section.tsx","127","error","runtime-detail","false","false","true","10","0","无法打开数据目录：…","","","toast.error(t(""revealFailed"", { error: errorText }))"
"components/settings/desktop-section.tsx","150","error","runtime-detail","false","false","true","6","0","复制失败：…","","","toast.error(t(""copyDebugFailed"", { error: errorText }))"
"components/settings/desktop-section.tsx","163","warning","short-or-unresolved","false","false","false","8","0","未授予通知权限。","","","toast.warning(t(""notificationDenied""))"
"components/settings/desktop-section.tsx","181","error","runtime-detail","false","false","true","12","0","greet 调用失败：…","","","toast.error(t(""pingFailed"", { error: errorText }))"
"components/settings/external-bridge/panels/audit-panel.tsx","89","error","runtime-detail","false","false","true","0","0","","","","toast.error(err instanceof Error ? err.message : String(err))"
"components/settings/external-bridge/panels/inbound-panel.tsx","133","error","runtime-detail","false","false","true","0","0","","","","toast.error(err instanceof Error ? err.message : String(err))"
"components/settings/external-bridge/panels/inbound-panel.tsx","148","error","runtime-detail","false","false","true","0","0","","","","toast.error(err instanceof Error ? err.message : String(err))"
"components/settings/external-bridge/panels/inbound-panel.tsx","160","error","runtime-detail","false","false","true","5","0","重试失败。","","","toast.error(result.error ?? t(""inbound.retryFailed""))"
"components/settings/external-bridge/panels/inbound-panel.tsx","162","error","runtime-detail","false","false","true","0","0","","","","toast.error(err instanceof Error ? err.message : String(err))"
"components/settings/external-bridge/panels/server-panel.tsx","208","error","guidance-text","false","false","false","25","0","MCP sidecar 未安装，无法启动外部桥接。","","","toast.error(t(""server.toastSidecarMissing""))"
"components/settings/external-bridge/panels/server-panel.tsx","228","error","runtime-detail","false","false","true","0","0","","","","toast.error(err instanceof Error ? err.message : String(err))"
"components/settings/external-bridge/panels/server-panel.tsx","251","error","runtime-detail","false","false","true","0","0","","","","toast.error(err instanceof Error ? err.message : String(err))"
"components/settings/external-bridge/panels/server-panel.tsx","288","error","runtime-detail","false","false","true","0","0","","","","toast.error(err instanceof Error ? err.message : String(err))"
"components/settings/external-bridge/panels/server-panel.tsx","326","error","guidance-text","false","false","false","24","0","无法重启 MCP 服务器，请检查主机状态后重试。","","","toast.error(t(""server.toastRestartFailed""))"
"components/settings/external-bridge/panels/server-panel.tsx","344","error","runtime-detail","false","false","true","0","0","","","","toast.error(err instanceof Error ? err.message : String(err))"
"components/settings/external-bridge/wiki-lint-card.tsx","73","error","short-or-unresolved","false","false","false","14","0","无效的 cron 表达式：…","","","toast.error(t(""scheduleInvalidCron"", { expression: action.invalidExpression ?? """" }))"
"components/settings/external-bridge/wiki-lint-card.tsx","80","error","runtime-detail","false","false","true","0","0","","","","toast.error(err instanceof Error ? err.message : String(err))"
"components/settings/external-bridge/wiki-lint-card.tsx","101","error","runtime-detail","false","false","true","6","0","检查失败：…","","","toast.error(
        t(""toastLintFailed"", { message: err instanceof Error ? err.message : String(err) })
      )"
"components/settings/external-bridge/wiki-rebuild-card.tsx","96","error","short-or-unresolved","false","false","false","12","0","Cron 表达式无效：…","","","toast.error(t(""scheduleInvalidCron"", { expression: result.invalidExpression ?? """" }))"
"components/settings/external-bridge/wiki-rebuild-card.tsx","103","error","runtime-detail","false","false","true","0","0","","","","toast.error(err instanceof Error ? err.message : String(err))"
"components/settings/external-bridge/wiki-rebuild-card.tsx","139","error","short-or-unresolved","false","false","false","21","0","Wiki 重建需要 Tauri 桌面应用。","","","toast.error(t(""webModeWarning""))"
"components/settings/external-bridge/wiki-rebuild-card.tsx","141","error","guidance-text","false","false","false","31","0","未配置 LLM API 密钥，请在 设置 → 提供商 中添加。","","","toast.error(t(""noApiKeyError""))"
"components/settings/external-bridge/wiki-rebuild-card.tsx","144","error","runtime-detail","false","false","true","6","0","重建失败：…","","","toast.error(t(""toastRebuildFailed"", { message }))"
"components/settings/external-services/external-services-section.tsx","102","error","runtime-detail","false","false","true","10","0","无法创建网站连接：…","","","toast.error(
        t(""website.failed"", { reason: error instanceof Error ? error.message : String(error) })
      )"
"components/settings/fleet/execution-workers-card.tsx","77","error","runtime-detail","false","false","true","13","0","Worker 操作失败：…","","","toast.error(t(""error"", { detail }))"
"components/settings/fleet/execution-workers-card.tsx","120","error","short-or-unresolved","false","false","false","9","0","无法复制注册命令。","","","toast.error(t(""copyFailed""))"
"components/settings/fleet/execution-workers-card.tsx","175","error","runtime-detail","false","false","true","13","0","Worker 操作失败：…","","","toast.error(
                          t(""error"", {
                            detail: error instanceof Error ? error.message : String(error),
                          })
                        )"
"components/settings/fleet/fleet-section.tsx","264","error","runtime-detail","false","false","true","8","0","舰队操作失败：…","","","toast.error(t(""error"", { detail: String(e) }))"
"components/settings/fleet/fleet-section.tsx","286","error","runtime-detail","false","false","true","8","0","舰队操作失败：…","","","toast.error(t(""error"", { detail: String(e) }))"
"components/settings/fleet/fleet-section.tsx","317","error","runtime-detail","false","false","true","8","0","舰队操作失败：…","","","toast.error(t(""error"", { detail: String(e) }))"
"components/settings/fleet/fleet-section.tsx","334","error","runtime-detail","false","false","true","8","0","舰队操作失败：…","","","toast.error(t(""error"", { detail: String(error) }))"
"components/settings/fleet/fleet-section.tsx","354","error","runtime-detail","false","false","true","8","0","舰队操作失败：…","","","toast.error(t(""error"", { detail: String(e) }))"
"components/settings/fleet/fleet-section.tsx","466","error","short-or-unresolved","false","false","false","15","0","灵动岛诊断信息仅在桌面端可用。","","","toast.error(t(""island.diagnostics.unavailable""))"
"components/settings/fleet/fleet-section.tsx","474","error","short-or-unresolved","false","false","false","8","0","无法写入剪贴板。","","","toast.error(t(""island.diagnostics.copyFailed""))"
"components/settings/gateway/gateway-keys-card.tsx","226","error","short-or-unresolved","false","false","false","0","0","","","","toast.error(errMsg(e))"
"components/settings/gateway/gateway-keys-card.tsx","256","error","guidance-text","false","false","false","42","0","密钥已创建，但未能授予其 Run API 权限：…。请在该密钥的编辑表单中重新授予。","","","toast.error(t(""createScopesFailed"", { error: errMsg(e) }))"
"components/settings/gateway/gateway-keys-card.tsx","264","error","short-or-unresolved","false","false","false","0","0","","","","toast.error(errMsg(e))"
"components/settings/gateway/gateway-keys-card.tsx","334","error","short-or-unresolved","false","false","false","8","0","无法复制到剪贴板","","","toast.error(t(""copyFailed""))"
"components/settings/gateway/gateway-keys-card.tsx","343","error","runtime-detail","false","false","true","8","0","无法复制到剪贴板","","","toast.error(e instanceof Error ? e.message : t(""copyFailed""))"
"components/settings/gateway/gateway-keys-card.tsx","404","error","runtime-detail","false","false","true","8","0","无法复制到剪贴板","","","toast.error(error instanceof Error ? error.message : t(""copyFailed""))"
"components/settings/gateway/gateway-log-viewer.tsx","214","error","runtime-detail","false","false","true","6","0","无法清空日志","","","toast.error(e instanceof Error ? e.message : t(""logClearFailed""))"
"components/settings/gateway/gateway-log-viewer.tsx","224","error","runtime-detail","false","false","true","6","0","无法导出日志","","","toast.error(e instanceof Error ? e.message : t(""logExportFailed""))"
"components/settings/gateway/gateway-section.tsx","238","error","runtime-detail","false","false","true","0","0","","","","toast.error(errorMessage(e))"
"components/settings/gateway/gateway-section.tsx","248","error","runtime-detail","false","false","true","0","0","","","","toast.error(error.message)"
"components/settings/gateway/gateway-section.tsx","263","error","runtime-detail","false","false","true","0","0","","","","toast.error(errorMessage(e))"
"components/settings/gateway/gateway-section.tsx","273","error","guidance-text","false","false","false","17","0","启用网关前请先创建 API 密钥。","","","toast.error(t(""requiresKey""))"
"components/settings/gateway/gateway-section.tsx","282","error","runtime-detail","false","false","true","0","0","","","","toast.error(errorMessage(e))"
"components/settings/gateway/gateway-section.tsx","297","error","runtime-detail","false","false","true","0","0","","","","toast.error(errorMessage(e))"
"components/settings/gateway/panels/overview-panel.tsx","268","error","runtime-detail","false","false","true","8","0","无法复制到剪贴板","","","toast.error(error instanceof Error ? error.message : t(""copyFailed""))"
"components/settings/gateway/panels/route-tickets-panel.tsx","134","error","runtime-detail","false","false","true","0","0","","","","toast.error(e instanceof Error ? e.message : String(e))"
"components/settings/gateway/panels/upstream-panel.tsx","86","error","guidance-text","false","false","false","17","0","无法刷新被暂停的账号，请重试刷新。","","","toast.error(t(""cooldownsRefreshFailed""))"
"components/settings/gateway/panels/upstream-panel.tsx","101","error","guidance-text","false","false","false","11","0","无法恢复账号，请重试。","","","toast.error(t(""cooldownsResetFailed""))"
"components/settings/goals/history-table.tsx","103","error","runtime-detail","false","false","true","8","0","无法删除目标：…","","","toast.error(
        t(""history.deleteFailed"", {
          message: error instanceof Error ? error.message : String(error),
        })
      )"
"components/settings/hooks/builtin-hooks-card.tsx","80","error","runtime-detail","false","false","true","14","0","更新内置 Hook 失败:…","","","toast.error(t(""saveError"", { detail: String(e) }))"
"components/settings/hooks/hooks-section.tsx","174","error","runtime-detail","false","false","true","8","0","读取设置失败：…","","","toast.error(t(""loadError"", { detail: String(e) }))"
"components/settings/hooks/hooks-section.tsx","284","error","runtime-detail","false","false","true","6","0","保存失败：…","","","toast.error(t(""saveError"", { detail: String(e) }))"
"components/settings/instructions/instructions-card.tsx","75","error","runtime-detail","false","false","true","0","0","","","","toast.error(err instanceof Error ? err.message : String(err))"
"components/settings/knowledge-base-manager.tsx","90","error","guidance-text","false","false","false","15","0","无法保存知识阅读设置，请重试。","","","toast.error(t(""reading.saveFailed""))"
"components/settings/knowledge-base-manager.tsx","184","error","runtime-detail","false","false","true","0","0","","","","toast.error(error instanceof Error ? error.message : String(error))"
"components/settings/knowledge-base-manager.tsx","195","error","guidance-text","false","false","false","12","0","请为此文件选择来源格式。","","","toast.error(t(""unsupportedFormat""))"
"components/settings/knowledge-base-manager.tsx","217","error","runtime-detail","false","false","true","0","0","","","","toast.error(error instanceof Error ? error.message : String(error))"
"components/settings/knowledge-base-manager.tsx","239","error","runtime-detail","false","false","true","0","0","","","","toast.error(error instanceof Error ? error.message : String(error))"
"components/settings/knowledge-base-manager.tsx","253","error","runtime-detail","false","false","true","0","0","","","","toast.error(error instanceof Error ? error.message : String(error))"
"components/settings/mcp-agent-chip-group.tsx","70","warning","short-or-unresolved","false","false","false","13","0","此服务器配置包含明文凭据。","","","toast.warning(t(""plaintextCredentialWarning"", { agent: agent.displayName }))"
"components/settings/mcp-agent-chip-group.tsx","78","error","runtime-detail","false","false","true","0","0","","","","toast.error(err instanceof Error ? err.message : String(err))"
"components/settings/mcp-agent-status-bar.tsx","226","error","runtime-detail","false","false","true","0","0","","","","toast.error(t(""syncFailed"", { agent: agentId, error: r.error }))"
"components/settings/mcp-drift-banner.tsx","69","error","runtime-detail","false","false","true","8","0","… 同步失败：…","","","toast.error(tAgents(""syncFailed"", { agent: agentId, error: r.error }))"
"components/settings/mcp-import-dialog.tsx","137","error","runtime-detail","false","false","true","0","0","","","","toast.error(err instanceof Error ? err.message : String(err))"
"components/settings/mcp-import-dialog.tsx","175","error","runtime-detail","false","false","true","0","0","","","","toast.error(err instanceof Error ? err.message : String(err))"
"components/settings/mcp/mcp-auth-button.tsx","46","error","short-or-unresolved","false","false","false","16","0","MCP 认证仅在桌面应用中可用。","","","toast.error(t(""desktopOnly""))"
"components/settings/mcp/mcp-auth-button.tsx","53","error","guidance-text","false","false","false","9","0","… 的授权被拒绝。","","","toast.error(t(""denied"", { name: server.name }))"
"components/settings/mcp/mcp-auth-button.tsx","54","error","runtime-detail","false","false","true","8","0","无法认证 …：…","","","toast.error(t(""error"", { name: server.name, message: res.message }))"
"components/settings/mcp/mcp-auth-button.tsx","57","error","runtime-detail","false","false","true","8","0","无法认证 …：…","","","toast.error(
        t(""error"", { name: server.name, message: err instanceof Error ? err.message : String(err) })
      )"
"components/settings/mcp/mcp-batch-actions-bar.tsx","60","warning","short-or-unresolved","false","false","false","14","0","已删除 … 个中的 … 个。","","","toast.warning(t(""deletedPartial"", { ok: count - failed, total: count }))"
"components/settings/mcp/mcp-export-dialog.tsx","89","error","runtime-detail","false","false","true","0","0","","","","toast.error(err instanceof Error ? err.message : String(err))"
"components/settings/mcp/mcp-health-tab.tsx","153","error","runtime-detail","false","false","true","0","0","","","","toast.error(err instanceof Error ? err.message : String(err))"
"components/settings/mcp/mcp-health-tab.tsx","167","error","runtime-detail","false","false","true","0","0","","","","toast.error(err instanceof Error ? err.message : String(err))"
"components/settings/mcp/mcp-live-session-card.tsx","158","error","runtime-detail","false","false","true","0","0","","","","toast.error(err instanceof Error ? err.message : String(err))"
"components/settings/mcp/mcp-live-session-card.tsx","171","error","runtime-detail","false","false","true","0","0","","","","toast.error(err instanceof Error ? err.message : String(err))"
"components/settings/mcp/mcp-my-servers-tab.tsx","153","error","runtime-detail","false","false","true","0","0","","","","toast.error(err instanceof Error ? err.message : String(err))"
"components/settings/mcp/mcp-panel.tsx","143","error","runtime-detail","false","false","true","0","0","","","","toast.error(err instanceof Error ? err.message : String(err))"
"components/settings/mcp/mcp-panel.tsx","308","error","runtime-detail","false","false","true","0","0","","","","toast.error(err instanceof Error ? err.message : String(err))"
"components/settings/mcp/mcp-panel.tsx","371","error","runtime-detail","false","false","true","0","0","","","","toast.error(err instanceof Error ? err.message : String(err))"
"components/settings/mcp/mcp-server-detail.tsx","109","error","short-or-unresolved","false","false","false","0","0","你配对的这台主机不提供该能力。 | 当前版本在这台机器上无法做到。 | 这一项需要桌面应用本身，而不只是一台能跑起来的主机。 | 这里还没有能运行它的地方：此浏览器尚未与任何 Cognia 主机配对，而浏览器标签页本身做不了这件事。","","","toast.error(tReach(`block.${testReach.block}`))"
"components/settings/mcp/mcp-server-detail.tsx","126","error","runtime-detail","false","false","true","4","0","…：… | 未知错误","","","toast.error(tTest(""error"", { name: label, error: result.error ?? tTest(""unknownError"") }))"
"components/settings/mcp/mcp-server-detail.tsx","132","error","runtime-detail","false","false","true","3","0","…：…","","","toast.error(tTest(""error"", { name: label, error: message }))"
"components/settings/mcp/mcp-server-detail.tsx","143","error","runtime-detail","false","false","true","0","0","","","","toast.error(err instanceof Error ? err.message : String(err))"
"components/settings/mcp/mcp-server-detail.tsx","297","error","runtime-detail","false","false","true","0","0","","","","toast.error(err instanceof Error ? err.message : String(err))"
"components/settings/mcp/mcp-server-editor.tsx","118","error","runtime-detail","false","false","true","17","0","无法切回 — JSON 不合法：…","","","toast.error(
        tErrors(""jsonRevertFailed"", { error: err instanceof Error ? err.message : String(err) })
      )"
"components/settings/mcp/mcp-server-editor.tsx","126","error","guidance-text","false","false","false","9","0","请填写服务器名称。","","","toast.error(tErrors(""nameRequired""))"
"components/settings/mcp/mcp-server-editor.tsx","134","error","runtime-detail","false","false","true","14","0","配置必须是合法 JSON：…","","","toast.error(
          tErrors(""invalidJson"", { error: err instanceof Error ? err.message : String(err) })
        )"
"components/settings/mcp/mcp-server-editor.tsx","142","error","short-or-unresolved","false","false","false","15","0","stdio 传输需要填写命令。","","","toast.error(tErrors(""commandRequired""))"
"components/settings/mcp/mcp-server-editor.tsx","146","error","short-or-unresolved","false","false","false","22","0","sse / http 传输需要填写 URL。","","","toast.error(tErrors(""urlRequired""))"
"components/settings/mcp/mcp-tool-rules-card.tsx","108","error","runtime-detail","false","false","true","0","0","","","","toast.error(err instanceof Error ? err.message : String(err))"
"components/settings/mcp/mcp-transfer-dialog.tsx","98","error","runtime-detail","false","false","true","0","0","","","","toast.error(result.errored.map((entry) => `${entry.name}: ${entry.error}`).join(""\n""))"
"components/settings/mcp/mcp-transfer-dialog.tsx","105","error","runtime-detail","false","false","true","0","0","","","","toast.error(err instanceof Error ? err.message : String(err))"
"components/settings/memory/danger-zone.tsx","138","error","short-or-unresolved","false","false","false","6","0","无法清除记忆","","","toast.error(t(""clearFailed""))"
"components/settings/memory/project-backfill-card.tsx","112","error","short-or-unresolved","false","false","false","0","0","","","","toast.error(t(failureKey))"
"components/settings/ocr/ocr-section-persisted.tsx","108","error","runtime-detail","false","false","true","0","0","","","","toast.error(error instanceof Error ? error.message : String(error))"
"components/settings/ocr/ocr-section-persisted.tsx","117","error","runtime-detail","false","false","true","0","0","","","","toast.error(err instanceof Error ? err.message : String(err))"
"components/settings/ocr/ocr-section-persisted.tsx","131","error","runtime-detail","false","false","true","0","0","","","","toast.error(err instanceof Error ? err.message : String(err))"
"components/settings/ocr/ocr-section-persisted.tsx","140","error","runtime-detail","false","false","true","0","0","","","","toast.error(err instanceof Error ? err.message : String(err))"
"components/settings/ocr/ocr-section-persisted.tsx","150","error","runtime-detail","false","false","true","0","0","","","","toast.error(err instanceof Error ? err.message : String(err))"
"components/settings/ocr/ocr-section-persisted.tsx","189","warning","runtime-detail","false","false","true","36","0","默认 OCR provider … 当前不可用（…），已切换为自动选择。","","","toast.warning(t(""ocr.runtime.defaultNormalized"", { provider: savedDefault, reason }))"
"components/settings/ocr/tabs/ocr-cache-tab.tsx","110","error","runtime-detail","false","false","true","0","0","","","","toast.error(err instanceof Error ? err.message : String(err))"
"components/settings/ocr/tabs/ocr-cache-tab.tsx","119","error","runtime-detail","false","false","true","0","0","","","","toast.error(err instanceof Error ? err.message : String(err))"
"components/settings/ocr/tabs/ocr-cache-tab.tsx","128","error","runtime-detail","false","false","true","0","0","","","","toast.error(err instanceof Error ? err.message : String(err))"
"components/settings/pet/pet-model-import-dialog.tsx","89","warning","runtime-detail","false","false","true","0","0","","","","toast.warning(failed.join(""; ""))"
"components/settings/presets/editor-sections/advanced-section.tsx","59","error","runtime-detail","false","false","true","0","0","","","","toast.error(err instanceof Error ? err.message : String(err))"
"components/settings/presets/preset-editor.tsx","99","error","short-or-unresolved","false","false","false","0","0","","","","toast.error(safeT(""validation.nameRequired"", ""Preset name is required.""))"
"components/settings/presets/preset-editor.tsx","103","error","short-or-unresolved","false","false","false","0","0","","","","toast.error(safeT(""validation.contentRequired"", ""System prompt cannot be empty.""))"
"components/settings/presets/preset-editor.tsx","134","error","runtime-detail","false","false","true","0","0","","","","toast.error(err instanceof Error ? err.message : String(err))"
"components/settings/pro-ide/pro-ide-host-card.tsx","130","error","runtime-detail","false","false","true","9","0","无法启动工作台：…","","","toast.error(t(""startFailed"", { error: String(error) }))"
"components/settings/pro-ide/pro-ide-host-card.tsx","143","error","runtime-detail","false","false","true","9","0","无法停止工作台：…","","","toast.error(t(""stopFailed"", { error: String(error) }))"
"components/settings/pro-ide/pro-ide-relay-grants.tsx","83","error","runtime-detail","false","false","true","10","0","无法撤销访问权限：…","","","toast.error(t(""relayGrantsRevokeFailed"", { error: String(cause) }))"
"components/settings/pro-ide/pro-ide-section.tsx","155","error","runtime-detail","false","true","true","0","0","","","","toast.error(view.message, { description: view.hint })"
"components/settings/pro-ide/pro-ide-section.tsx","156","error","runtime-detail","false","false","true","6","0","操作失败：…","","","toast.error(t(""failed"", { error: String(cause) }))"
"components/settings/profile/avatar-edit-dialog.tsx","135","error","guidance-text","false","false","false","17","0","无法处理该图片，请换一个文件试试。","","","toast.error(t(""avatarProcessFailed""))"
"components/settings/profile/avatar-edit-dialog.tsx","205","error","guidance-text","false","false","false","17","0","无法处理该图片，请换一个文件试试。","","","toast.error(t(""avatarProcessFailed""))"
"components/settings/profile/profile-avatar-picker.tsx","51","error","guidance-text","false","false","false","40","0","不支持的图片类型 — 请使用 PNG、JPEG、WebP、GIF 或 AVIF。","","","toast.error(t(""avatarInvalidType""))"
"components/settings/prompt-presets-section.tsx","276","error","runtime-detail","false","false","true","0","0","","","","toast.error(err instanceof Error ? err.message : String(err))"
"components/settings/prompt-presets-section.tsx","288","error","runtime-detail","false","false","true","0","0","","","","toast.error(err instanceof Error ? err.message : String(err))"
"components/settings/prompt-presets-section.tsx","309","error","runtime-detail","false","false","true","0","0","","","","toast.error(err instanceof Error ? err.message : String(err))"
"components/settings/prompt-presets-section.tsx","319","error","runtime-detail","false","false","true","0","0","","","","toast.error(err instanceof Error ? err.message : String(err))"
"components/settings/prompt-presets-section.tsx","331","error","runtime-detail","false","false","true","0","0","","","","toast.error(err instanceof Error ? err.message : String(err))"
"components/settings/prompt-presets-section.tsx","354","error","runtime-detail","false","false","true","0","0","","","","toast.error(err instanceof Error ? err.message : String(err))"
"components/settings/prompt-presets-section.tsx","364","error","short-or-unresolved","false","false","false","0","0","","","","toast.error(safeT(""toast.importInvalid"", ""Not a recognised preset export.""))"
"components/settings/prompt-presets-section.tsx","379","error","runtime-detail","false","false","true","0","0","","","","toast.error(err instanceof Error ? err.message : String(err))"
"components/settings/prompt-presets-section.tsx","389","error","runtime-detail","false","false","true","0","0","","","","toast.error(err instanceof Error ? err.message : String(err))"
"components/settings/prompt-presets-section.tsx","434","error","runtime-detail","false","false","true","0","0","","","","toast.error(err instanceof Error ? err.message : String(err))"
"components/settings/prompt-presets-section.tsx","456","error","runtime-detail","false","false","true","0","0","","","","toast.error(err instanceof Error ? err.message : String(err))"
"components/settings/provider/provider-settings.tsx","629","error","guidance-text","false","false","false","35","0","无法获取模型信息，请检查密钥、接口地址与套餐。仍可保存账号，稍后重试。","","","toast.error(tSubscription(""modelLoadFailed""))"
"components/settings/provider/routing/router-fusion-action-catalog.tsx","146","error","runtime-detail","false","false","true","8","0","此修改未保存。…","","","toast.error(t(""saveRefused"", { reason: issues.map(issueText).join("" "") }))"
"components/settings/provider/routing/router-fusion-section.tsx","114","error","short-or-unresolved","false","false","false","24","0","无法保存 Router + Fusion 设置。","","","toast.error(t(""saveFailed""))"
"components/settings/provider/routing/router-fusion-section.tsx","133","error","short-or-unresolved","false","false","false","24","0","无法保存 Router + Fusion 设置。","","","toast.error(t(""saveFailed""))"
"components/settings/provider/routing/router-fusion-section.tsx","150","error","short-or-unresolved","false","false","false","24","0","无法保存 Router + Fusion 设置。","","","toast.error(t(""saveFailed""))"
"components/settings/scheduled-tasks-section.tsx","512","error","runtime-detail","false","false","true","8","0","… 测试失败：…","","","toast.error(
          tNotification(""testFailure"", { channel: channelLabel, error: result.error || """" })
        )"
"components/settings/scheduled-tasks-section.tsx","520","error","runtime-detail","false","false","true","8","0","… 测试失败：…","","","toast.error(
        tNotification(""testFailure"", {
          channel: channelLabel,
          error: err instanceof Error ? err.message : String(err),
        })
      )"
"components/settings/scheduled-tasks-section.tsx","828","error","short-or-unresolved","false","false","false","0","0","","","","toast.error(tSystem(""elevationDenied""))"
"components/settings/scheduled-tasks-section.tsx","831","error","runtime-detail","false","false","true","0","0","","","","toast.error(err instanceof Error ? err.message : String(err))"
"components/settings/sections/inbox-telemetry-card.tsx","61","error","runtime-detail","false","false","true","0","0","","","","toast.error(err instanceof Error ? err.message : String(err))"
"components/settings/sections/updates-section.tsx","45","error","runtime-detail","false","false","true","10","0","保存更新设置失败：…","","","toast.error(t(""settings.saveFailed"", { error: message }))"
"components/settings/security/security-section.tsx","70","error","runtime-detail","false","false","true","11","0","生物识别测试未完成。…","","","toast.error(t(""testBlocked"", { reason: blockReason(outcome.reason) }))"
"components/settings/security/security-section.tsx","73","error","guidance-text","false","false","false","15","0","无法运行生物识别测试，请重试。","","","toast.error(t(""testError""))"
"components/settings/selection-toolbar-settings.tsx","164","error","runtime-detail","false","true","true","18","0","无法关闭划词工具栏，它仍在捕获选区。 | 无法启用划词工具栏","","","toast.error(t(stopFailed ? ""disableFailed"" : ""enableFailed""), {
        description: error instanceof Error ? error.message : String(error),
      })"
"components/settings/selection-toolbar-settings.tsx","191","error","runtime-detail","false","true","true","9","0","无法启用划词工具栏","","","toast.error(t(""enableFailed""), {
        description: error instanceof Error ? error.message : String(error),
      })"
"components/settings/shortcuts-section.tsx","164","error","short-or-unresolved","false","true","false","8","0","该组合键已被占用","","","toast.error(t(""conflictBlocked"", { fallback: ""Chord already bound"" }), {
        description: `${recorder.conflict} → ${recorder.chord}`,
      })"
"components/settings/shortcuts-section.tsx","171","error","runtime-detail","false","true","true","7","0","绑定快捷键失败","","","toast.error(t(""bindFailed"", { fallback: ""Failed to bind shortcut"" }), {
        description: result.error,
      })"
"components/settings/slash-commands/command-editor-dialog.tsx","182","error","short-or-unresolved","false","false","false","0","0","","","","toast.error(validationError)"
"components/settings/slash-commands/command-editor-dialog.tsx","192","error","runtime-detail","false","false","true","0","0","","","","toast.error(err instanceof Error ? err.message : String(err))"
"components/settings/slash-commands/slash-commands-section.tsx","171","error","runtime-detail","false","false","true","0","0","","","","toast.error(err instanceof Error ? err.message : String(err))"
"components/settings/speech/api-key-input.tsx","65","error","runtime-detail","false","false","true","0","0","","","","toast.error(err instanceof Error ? err.message : String(err))"
"components/settings/speech/api-key-input.tsx","80","error","runtime-detail","false","false","true","0","0","","","","toast.error(err instanceof Error ? err.message : String(err))"
"components/settings/squads/squad-detail-panel.tsx","281","error","guidance-text","false","false","false","35","0","无法删除小队，小队仍然保留。请在能够清理外部 Agent 会话后重试。","","","toast.error(t(""deleteFailed""))"
"components/settings/squads/squad-template-provenance.tsx","62","error","runtime-detail","false","false","true","0","0","","","","toast.error(error instanceof Error ? error.message : String(error))"
"components/settings/subagents/subagent-import-dialog.tsx","166","error","short-or-unresolved","false","false","false","9","0","无法读取所选文件。","","","toast.error(t(""errors.pickFailed""))"
"components/settings/subagents/subagent-import-dialog.tsx","209","error","short-or-unresolved","false","false","false","9","0","无法读取所选文件。","","","toast.error(t(""errors.pickFailed""))"
"components/settings/subagents/subagent-import-dialog.tsx","261","warning","runtime-detail","false","false","true","0","0","","","","toast.warning(r.failed.map((f) => `${f.name}: ${f.error}`).join(""; ""))"
"components/settings/subagents/subagent-import-dialog.tsx","266","error","runtime-detail","false","false","true","0","0","","","","toast.error(err instanceof Error ? err.message : String(err))"
"components/settings/subagents/use-policy-draft.ts","74","error","runtime-detail","false","false","true","0","0","","","","toast.error(err instanceof Error ? err.message : String(err))"
"components/settings/subscription/account-center.tsx","376","error","runtime-detail","false","false","true","8","0","账号操作失败：…","","","toast.error(
        t(""actions.failed"", { error: cause instanceof Error ? cause.message : String(cause) })
      )"
"components/settings/subscription/cloud-sync-card.tsx","87","error","guidance-text","false","false","false","9","0","请先输入同步口令。","","","toast.error(t(""passphraseRequired""))"
"components/settings/subscription/cloud-sync-card.tsx","99","error","runtime-detail","false","false","true","6","0","同步失败：…","","","toast.error(t(""syncFailed"", { error: result.error }))"
"components/settings/subscription/cloud-sync-card.tsx","119","error","guidance-text","false","false","false","9","0","请先输入同步口令。","","","toast.error(t(""passphraseRequired""))"
"components/settings/subscription/provider-tab-opencode.tsx","39","error","runtime-detail","false","false","true","8","0","凭据采纳失败：…","","","toast.error(
        tDiscovery(""adoptFailed"", { error: err instanceof Error ? err.message : String(err) })
      )"
"components/settings/teams-section.tsx","167","error","runtime-detail","false","false","true","0","0","","","","toast.error(err instanceof Error ? err.message : String(err))"
"components/settings/teams-section.tsx","177","error","runtime-detail","false","false","true","0","0","","","","toast.error(err instanceof Error ? err.message : String(err))"
"components/settings/teams-section.tsx","188","error","runtime-detail","false","false","true","0","0","","","","toast.error(err instanceof Error ? err.message : String(err))"
"components/settings/teams-section.tsx","223","error","runtime-detail","false","false","true","0","0","","","","toast.error(err instanceof Error ? err.message : String(err))"
"components/settings/teams-section.tsx","466","error","guidance-text","false","false","false","6","0","请填写名称。","","","toast.error(t(""validation.nameRequired""))"
"components/settings/teams-section.tsx","470","error","short-or-unresolved","false","false","false","11","0","团队至少需要一位成员。","","","toast.error(t(""validation.atLeastOneMember""))"
"components/settings/teams-section.tsx","475","error","short-or-unresolved","false","false","false","20","0","自动轮次必须是 0 到 5 之间的整数。","","","toast.error(t(""validation.autoRoundsInvalid""))"
"components/settings/teams-section.tsx","480","error","short-or-unresolved","false","false","false","21","0","回复上限必须是 1 到 12 之间的整数。","","","toast.error(t(""validation.responseCapInvalid""))"
"components/settings/teams-section.tsx","490","error","short-or-unresolved","false","false","false","23","0","主动发言必须是 0 到 100 之间的百分比。","","","toast.error(t(""validation.talkativenessInvalid""))"
"components/settings/teams-section.tsx","495","error","short-or-unresolved","false","false","false","15","0","监督者模式需要指定一位监督者。","","","toast.error(t(""validation.supervisorRequired""))"
"components/settings/teams-section.tsx","499","error","short-or-unresolved","false","false","false","13","0","监督者必须是团队成员之一。","","","toast.error(t(""validation.supervisorMustBeMember""))"
"components/settings/terminal/ssh-hosts.tsx","134","error","runtime-detail","false","true","true","16","0","无法与终端主机同步 SSH 配置","","","toast.error(t(""toasts.syncFailed""), {
            description: error instanceof Error ? error.message : String(error),
          })"
"components/settings/terminal/ssh-hosts.tsx","268","error","runtime-detail","false","true","true","11","0","无法移除 SSH 主机","","","toast.error(t(""toasts.removeFailed""), {
        description: error instanceof Error ? error.message : String(error),
      })"
"components/settings/terminal/ssh-hosts.tsx","290","error","runtime-detail","false","true","true","15","0","无法从钥匙串中删除已保存的密钥","","","toast.error(t(""toasts.credentialClearFailed""), {
          description: error instanceof Error ? error.message : String(error),
        })"
"components/settings/terminal/ssh-hosts.tsx","304","error","runtime-detail","false","true","true","15","0","无法从钥匙串中删除已保存的密钥","","","toast.error(t(""toasts.credentialClearFailed""), {
        description: error instanceof Error ? error.message : String(error),
      })"
"components/settings/terminal/ssh-hosts.tsx","324","error","runtime-detail","false","true","true","11","0","无法将密钥保存到钥匙串","","","toast.error(t(""toasts.credentialSaveFailed""), {
          description: error instanceof Error ? error.message : String(error),
        })"
"components/settings/terminal/ssh-hosts.tsx","373","warning","runtime-detail","false","false","true","20","0","以下主机的跳板机未被导入，将直接连接：…","","","toast.warning(
                  t(""toasts.importJumpsDropped"", { names: result.droppedJumps.join("", "") })
                )"
"components/settings/terminal/terminal-card.tsx","341","error","short-or-unresolved","false","false","false","11","0","无法保存终端主机设置。","","","toast.error(t(""settings.terminal.host.operationFailed""))"
"components/settings/terminal/terminal-profiles.tsx","77","error","short-or-unresolved","false","false","false","13","0","无法与终端主机同步终端配置","","","toast.error(t(""settings.terminal.profiles.syncError""))"
"components/settings/webhooks/webhooks-section.tsx","103","error","guidance-text","false","false","false","12","0","测试前请先填写 URL。","","","toast.error(t(""endpointUrlRequired""))"
"components/settings/webhooks/webhooks-section.tsx","129","error","runtime-detail","false","false","true","8","0","测试投递失败：…","","","toast.error(t(""endpointTestFailed"", { error: result.error ?? String(result.httpStatus) }))"
"components/settings/webhooks/webhooks-section.tsx","131","error","runtime-detail","false","false","true","0","0","","","","toast.error(error instanceof Error ? error.message : String(error))"
"components/settings/webhooks/webhooks-section.tsx","137","error","short-or-unresolved","false","false","false","9","0","尚未设置签名密钥。","","","toast.error(t(""secretMissing""))"
"components/settings/webhooks/webhooks-section.tsx","142","error","runtime-detail","false","false","true","8","0","保存密钥失败：…","","","toast.error(t(""secretSaveError"", { error: result.error ?? """" }))"
"components/settings/webhooks/webhooks-section.tsx","152","error","runtime-detail","false","false","true","8","0","保存密钥失败：…","","","toast.error(t(""secretSaveError"", { error: result.error ?? """" }))"
"components/share/my-shares-panel.tsx","57","error","short-or-unresolved","false","false","false","9","0","无法加载查看统计。","","","toast.error(t(""statsError""))"
"components/share/my-shares-panel.tsx","60","error","short-or-unresolved","false","false","false","9","0","无法加载查看统计。","","","toast.error(t(""statsError""))"
"components/share/my-shares-panel.tsx","77","error","short-or-unresolved","false","false","false","10","0","无法延长链接有效期。","","","toast.error(t(""renewError""))"
"components/shell/sidebar-user-card.tsx","122","error","guidance-text","false","false","false","9","0","无法打开桌面宠物。","","","toast.error(t(""petFailed""))"
"components/shell/sidebar-user-card.tsx","130","error","runtime-detail","false","false","true","12","0","无法锁定 Cognia。","","","toast.error(cause instanceof Error ? cause.message : t(""lockFailed""))"
"components/shell/workspace-knowledge-section.tsx","177","error","runtime-detail","false","false","true","8","0","无法导入 …。…","","","toast.error(
            t(""importFailed"", {
              name: file.name,
              message: error instanceof Error ? error.message : String(error),
            })
          )"
"components/shell/workspace-knowledge-section.tsx","200","error","runtime-detail","false","true","true","10","0","无法重新索引知识库。","","","toast.error(t(""reindexAllFailed""), { description: errorText(error) })"
"components/shell/workspace-knowledge-section.tsx","209","error","runtime-detail","false","true","true","9","0","无法重新索引 …。","","","toast.error(t(""reindexFileFailed"", { name: file.name }), { description: errorText(error) })"
"components/shell/workspace-manage-dialog.tsx","414","error","runtime-detail","false","true","true","9","0","无法信任该文件夹。","","","toast.error(t(""trustFailed""), {
        description: error instanceof Error ? error.message : String(error),
      })"
"components/shell/workspace-manage-dialog.tsx","424","error","runtime-detail","false","true","true","13","0","无法撤销对该文件夹的信任。","","","toast.error(t(""revokeTrustFailed""), {
        description: error instanceof Error ? error.message : String(error),
      })"
"components/shell/workspace-manage-dialog.tsx","491","error","guidance-text","false","false","false","25","0","此工作区中仍有对话在运行。请先停止，再移除工作区。","","","toast.error(t(""deleteRunning""))"
"components/shell/workspace-manage-dialog.tsx","500","error","guidance-text","false","false","false","41","0","无法移除工作区，工作区仍然保留。请在能够处理其数据及外部 Agent 会话后重试。","","","toast.error(t(""deleteFailed""))"
"components/sites/new-site-dialog.tsx","63","error","short-or-unresolved","false","false","false","13","0","所选项目没有工作区根目录。","","","toast.error(t(""errors.projectRoot""))"
"components/sites/new-site-dialog.tsx","98","error","runtime-detail","false","false","true","0","0","","","","toast.error(error instanceof Error ? error.message : String(error))"
"components/skills/skill-batch-actions-bar.tsx","52","warning","short-or-unresolved","false","false","false","14","0","已更新 … 个中的 … 个。","","","toast.warning(tTags(""partial"", { ok: count - failed, total: count }))"
"components/skills/skill-batch-actions-bar.tsx","113","warning","short-or-unresolved","false","false","false","16","0","已删除 …/…（内置项已跳过）。","","","toast.warning(tToasts(""deletedPartial"", { ok: count - failed, total: count }))"
"components/skills/skill-batch-actions-bar.tsx","130","error","runtime-detail","false","false","true","0","0","","","","toast.error(err instanceof Error ? err.message : String(err))"
"components/skills/skill-detail.tsx","88","error","runtime-detail","false","false","true","0","0","","","","toast.error(err instanceof Error ? err.message : String(err))"
"components/skills/skill-detail.tsx","107","error","runtime-detail","false","false","true","6","0","导出失败：…","","","toast.error(
        tToasts(""exportFailed"", { error: err instanceof Error ? err.message : String(err) })
      )"
"components/skills/skill-detail.tsx","126","error","runtime-detail","false","false","true","0","0","","","","toast.error(err instanceof Error ? err.message : String(err))"
"components/skills/skill-detail.tsx","393","error","runtime-detail","false","false","true","0","0","","","","toast.error(err instanceof Error ? err.message : String(err))"
"components/skills/skill-discovery.tsx","73","error","short-or-unresolved","false","false","false","10","0","发现功能需要桌面端。","","","toast.error(t(""errorDesktopOnly""))"
"components/skills/skill-discovery.tsx","106","error","short-or-unresolved","false","false","false","20","0","未选中任何文件，或所选文件全部解析失败。","","","toast.error(t(""noFilesParsed""))"
"components/skills/skill-import-dialog.tsx","116","error","runtime-detail","false","false","true","0","0","","","","toast.error(err instanceof Error ? err.message : String(err))"
"components/skills/skill-marketplace-token-teaser.tsx","36","error","runtime-detail","false","false","true","0","0","","","","toast.error(err instanceof Error ? err.message : String(err))"
"components/skills/skill-marketplace.tsx","68","error","runtime-detail","false","false","true","0","0","","","","toast.error(err instanceof Error ? err.message : String(err))"
"components/skills/skill-marketplace.tsx","87","error","runtime-detail","false","false","true","0","0","","","","toast.error(err instanceof Error ? err.message : String(err))"
"components/skills/skill-panel-toolbar.tsx","163","error","runtime-detail","false","false","true","0","0","","","","toast.error(err instanceof Error ? err.message : String(err))"
"components/skills/skill-panel-toolbar.tsx","198","error","short-or-unresolved","false","false","false","14","0","无法解析所选的 … 个文件。 | 未导入任何技能。","","","toast.error(
          parseErrors.length > 0
            ? tToasts(""importNoFilesParsed"", { count: parseErrors.length })
            : tToasts(""importNoSkills"")
        )"
"components/skills/skill-panel-toolbar.tsx","219","error","runtime-detail","false","false","true","0","0","","","","toast.error(err instanceof Error ? err.message : String(err))"
"components/skills/skill-panel-toolbar.tsx","255","error","runtime-detail","false","false","true","0","0","","","","toast.error(err instanceof Error ? err.message : String(err))"
"components/skills/skill-panel-toolbar.tsx","264","error","short-or-unresolved","false","false","false","28","0","从 ~/.claude/skills/ 导入需要桌面端。","","","toast.error(tToasts(""importFromClaudeDesktopOnly""))"
"components/skills/skill-panel-toolbar.tsx","296","error","runtime-detail","false","false","true","0","0","","","","toast.error(err instanceof Error ? err.message : String(err))"
"components/skills/skill-panel-toolbar.tsx","305","error","short-or-unresolved","false","false","false","28","0","从 ~/.claude/skills/ 导入需要桌面端。","","","toast.error(tToasts(""importFromClaudeDesktopOnly""))"
"components/skills/skill-panel-toolbar.tsx","337","error","runtime-detail","false","false","true","17","0","找到 … 个技能但全部解析失败：…","","","toast.error(
          tToasts(""importNoneParsed"", {
            found: discovered.length,
            first: parseErrors[0]?.error ?? """",
          })
        )"
"components/skills/skill-panel-toolbar.tsx","359","error","runtime-detail","false","false","true","0","0","","","","toast.error(err instanceof Error ? err.message : String(err))"
"components/skills/skill-panel-toolbar.tsx","373","error","runtime-detail","false","false","true","10","0","检查更新失败（…）。","","","toast.error(
        tToasts(""updatesError"", { error: err instanceof Error ? err.message : String(err) })
      )"
"components/skills/skill-panel-toolbar.tsx","390","error","runtime-detail","false","false","true","0","0","","","","toast.error(err instanceof Error ? err.message : String(err))"
"components/skills/skill-panel.tsx","233","error","runtime-detail","false","false","true","0","0","","","","toast.error(err instanceof Error ? err.message : String(err))"
"components/skills/skill-panel.tsx","257","error","runtime-detail","false","false","true","0","0","","","","toast.error(err instanceof Error ? err.message : String(err))"
"components/skills/skill-panel.tsx","333","error","runtime-detail","false","false","true","0","0","","","","toast.error(err instanceof Error ? err.message : String(err))"
"components/skills/skill-recordings-section.tsx","64","error","short-or-unresolved","false","false","false","8","0","无法复制该录制。","","","toast.error(t(""duplicateFailed""))"
"components/skills/skill-resource-manager.tsx","70","error","runtime-detail","false","false","true","0","0","","","","toast.error(err instanceof Error ? err.message : String(err))"
"components/skills/skill-resource-manager.tsx","150","error","runtime-detail","false","false","true","0","0","","","","toast.error(err instanceof Error ? err.message : String(err))"
"components/skills/skill-resource-manager.tsx","163","error","runtime-detail","false","false","true","0","0","","","","toast.error(err instanceof Error ? err.message : String(err))"
"components/source-control/ai-explain-popover.tsx","51","error","short-or-unresolved","false","false","false","4","0","复制失败","","","toast.error(t(""explain.copyFailed""))"
"components/source-control/remote-panel.tsx","71","error","short-or-unresolved","false","false","false","9","0","复制 URL 失败","","","toast.error(t(""remotes.copyFailed""))"
"components/source-control/stack-list.tsx","345","warning","guidance-text","false","false","false","0","0","没有 … 的 GitHub 凭据。请在「设置 → 连接」中连接一个 GitHub 账号，或执行 `gh auth login`，然后再试。 | 这个仓库没有能托管 Pull Request 的远程。 | … 还不是 Cognia 能发布到的代码托管平台。GitHub Enterprise 服务器需要先在「设置 → 连接」中连接该服务器上的账号。","","","toast.warning(
        t(`forge.${unavailable.status}`, {
          host: unavailable.status === ""unsupportedHost"" ? unavailable.host : """",
          repository: unavailable.status === ""noCredential"" ? unavailable.repository : """",
        })
      )"
"components/source-control/stack-list.tsx","356","warning","short-or-unresolved","false","false","false","39","0","你只能推送到 … 的 fork，而栈无法跨越 fork 边界。什么都没有发布。","","","toast.warning(t(""result.forkOnly"", { repository: result.repository }))"
"components/source-control/stack-list.tsx","365","warning","long-static","false","false","false","64","0","使用了较弱的租约推送——这个 git 没有 --force-if-includes，后台的一次 fetch 就能让租约形同虚设。","","","toast.warning(t(""result.weakLease""))"
"components/source-control/stack-list.tsx","374","warning","guidance-text","false","false","false","7","0","停在 …：…。 | 有评审要求修改 | 它的检查未通过 | 它的检查还在运行 | 读不到它的检查状态 | 它与基分支冲突 | 它没有打开的 Pull Request | GitHub 认为它不可合并 | 它还需要评审","","","toast.warning(
          t(""result.blocked"", {
            branch: result.branch,
            reason: t(`mergeBlocked.${result.reason}`),
          })
        )"
"components/source-control/stack-list.tsx","382","warning","guidance-text","false","false","false","24","0","合入停在 …——先在 … 解决冲突，再重新运行。","","","toast.warning(
          t(""result.mergeConflict"", { branch: result.branch, worktree: result.worktree })
        )"
"components/source-control/stack-list.tsx","387","warning","guidance-text","false","false","false","20","0","已合入的那层之上的分支没能重新放回主干。","","","toast.warning(t(""result.restackRefused""))"
"components/source-control/stack-list.tsx","390","warning","runtime-detail","false","false","true","22","0","这个仓库只允许 …，其中没有一种适合这个栈。","","","toast.warning(t(""result.unsupportedMethod"", { allowed: result.allowed.join("", "") }))"
"components/source-control/stack-list.tsx","399","error","runtime-detail","false","false","true","7","0","栈操作失败：…","","","toast.error(t(""error"", { message: errorDetail(err) }))"
"components/source-control/stack-list.tsx","441","warning","guidance-text","false","false","false","19","0","… 出现冲突。请在 … 中解决后继续。","","","toast.warning(t(""result.conflict"", { branch: result.branch, worktree: result.worktree }))"
"components/source-control/stack-list.tsx","442","warning","short-or-unresolved","false","false","false","9","0","没有移动任何分支。","","","toast.warning(t(""result.refused""))"
"components/squads/built-in-teams.tsx","205","error","runtime-detail","false","true","true","6","0","无法复制 …","","","toast.error(t(""builtIn.duplicateFailed"", { name: team.name }), {
        description: err instanceof Error ? err.message : String(err),
      })"
"components/squads/squad-readiness-card.tsx","138","error","short-or-unresolved","false","false","false","15","0","当前工作区没有可绑定的根目录。","","","toast.error(t(""errors.noWorkspaceRoot""))"
"components/squads/squad-readiness-card.tsx","174","error","short-or-unresolved","false","false","false","7","0","无法保存绑定。","","","toast.error(t(""errors.bindFailed""))"
"components/squads/squad-readiness-card.tsx","203","error","short-or-unresolved","false","false","false","7","0","无法保存绑定。","","","toast.error(t(""errors.bindFailed""))"
"components/support/report-problem-dialog.tsx","243","error","short-or-unresolved","false","false","false","7","0","报告发送失败。","","","toast.error(t(""failed""))"
"components/templates/template-publisher-identity-card.tsx","80","error","runtime-detail","false","false","true","0","0","","","","toast.error(error instanceof Error ? error.message : String(error))"
"components/templates/template-publisher-identity-card.tsx","90","error","runtime-detail","false","false","true","0","0","","","","toast.error(error instanceof Error ? error.message : String(error))"
"components/templates/template-publisher-identity-card.tsx","103","error","short-or-unresolved","false","false","false","7","0","无法复制公钥。","","","toast.error(t(""copyFailed""))"
"components/templates/template-studio.tsx","376","error","runtime-detail","false","false","true","0","0","","","","toast.error(error instanceof Error ? error.message : String(error))"
"components/templates/template-trusted-publishers-card.tsx","74","error","runtime-detail","false","false","true","0","0","","","","toast.error(error instanceof Error ? error.message : String(error))"
"components/terminal/terminal-dock.tsx","257","error","runtime-detail","false","false","true","8","0","无法打开终端：…","","","toast.error(t(""spawnError"", { message: outcome.message }))"
"components/terminal/terminal-dock.tsx","259","error","short-or-unresolved","false","false","false","7","0","终端被插件拦截","","","toast.error(t(""spawnDenied""))"
"components/terminal/terminal-dock.tsx","317","error","guidance-text","false","false","false","21","0","串口是本机上的设备，只能在桌面应用中打开。","","","toast.error(t(""serialDesktopOnly""))"
"components/terminal/terminal-dock.tsx","321","error","runtime-detail","false","false","true","8","0","无法打开 …：…","","","toast.error(t(""serialOpenError"", { path, message: result.message }))"
"components/terminal/terminal-dock.tsx","359","error","runtime-detail","false","false","true","8","0","无法断开终端：…","","","toast.error(
          t(""detachError"", { message: error instanceof Error ? error.message : String(error) })
        )"
"components/terminal/terminal-dock.tsx","380","error","runtime-detail","false","false","true","8","0","无法断开终端：…","","","toast.error(
            t(""detachError"", { message: error instanceof Error ? error.message : String(error) })
          )"
"components/terminal/terminal-dock.tsx","434","error","guidance-text","false","false","false","50","0","此 SSH 标签页创建时尚未记录其对应的已保存主机，因此无法重新连接。请从“+”菜单重新打开该主机。","","","toast.error(t(""restartSshUnknownProfile""))"
"components/terminal/terminal-dock.tsx","451","error","runtime-detail","false","false","true","21","0","此标签页无法重启。请从“+”菜单重新打开。 | 无法重启终端：…","","","toast.error(
            outcome.message.startsWith(`${RESTART_NOT_LOCAL_PTY}:`)
              ? t(""restartUnsupported"")
              : t(""restartError"", { message: outcome.message })
          )"
"components/terminal/terminal-dock.tsx","457","error","short-or-unresolved","false","false","false","7","0","终端被插件拦截","","","toast.error(t(""spawnDenied""))"
"components/thread-handoff/thread-handoff-source-dialog.tsx","103","error","short-or-unresolved","false","false","false","10","0","无法启动或恢复接力。","","","toast.error(t(""failed""))"
"components/thread-handoff/thread-handoff-source-dialog.tsx","129","error","short-or-unresolved","false","false","false","10","0","无法启动或恢复接力。","","","toast.error(t(""failed""))"
"components/twin/twin-cron-card.tsx","81","error","runtime-detail","false","false","true","8","0","部分计划无效：…","","","toast.error(t(""invalidExpressions"", { items: result.invalidExpressions.join(""; "") }))"
"components/twin/twin-embedding-card.tsx","135","error","runtime-detail","false","false","true","10","0","无法保存嵌入选择：…","","","toast.error(
        t(""saveFailed"", { message: error instanceof Error ? error.message : String(error) })
      )"
"components/twin/twin-embedding-card.tsx","148","error","runtime-detail","false","false","true","12","0","重建在“…”步骤失败：… | 本地数据 | 嵌入 | 运行时（后台任务 / 向量库） | 任务队列 | 向量库","","","toast.error(
          t(""rebuildFailed"", { stage: t(`stage.${result.stage}`), message: result.error })
        )"
"components/twin/twin-embedding-card.tsx","152","error","short-or-unresolved","false","false","false","8","0","该孪生已不存在。","","","toast.error(t(""rebuildTwinMissing""))"
"components/twin/twin-embedding-card.tsx","157","error","runtime-detail","false","false","true","12","0","重建在“…”步骤失败：… | 本地数据","","","toast.error(
        t(""rebuildFailed"", {
          stage: t(""stage.database""),
          message: error instanceof Error ? error.message : String(error),
        })
      )"
"components/twin/twin-persona-tab.tsx","66","error","runtime-detail","false","false","true","9","0","无法创建基准集：…","","","toast.error(
        t(""benchmark.failed"", { message: error instanceof Error ? error.message : String(error) })
      )"
"components/twin/twin-settings-tab.tsx","159","error","runtime-detail","false","false","true","11","0","无法保存运行时设置：…","","","toast.error(t(""saveFailed"", { message }))"
"components/twin/twin-settings-tab.tsx","620","error","short-or-unresolved","false","false","false","6","0","重置失败：…","","","toast.error(t(""resetFailed"", { msg }))"
"components/twin/twin-sources-tab.tsx","94","error","runtime-detail","false","false","true","9","0","无法删除数据源：…","","","toast.error(
        t(""deleteFailed"", { message: error instanceof Error ? error.message : String(error) })
      )"
"components/workflow/editor/canvas.tsx","463","warning","guidance-text","false","false","false","36","0","工作流已保存，但因可调用接口发生变化而自动下架。请重新发布以开放新契约。","","","toast.warning(t(""publicationInvalidated""))"
"components/workflow/editor/canvas.tsx","465","warning","short-or-unresolved","false","false","false","20","0","工作流已保存，但仍有 … 个未解决的问题","","","toast.warning(tValidation(""blockedSaveTitle"", { count: issueCount }))"
"components/workflow/editor/canvas.tsx","470","error","runtime-detail","false","false","true","7","0","保存工作流失败","","","toast.error(err instanceof Error ? err.message : t(""saveFailed""))"
"components/workflow/editor/canvas.tsx","486","error","guidance-text","false","true","false","12","14","无法运行——请先修复错误","运行前需先修复 … 个错误。","","toast.error(tDiag(""blockedRunTitle""), {
          description: tDiag(""blockedRunSummary"", { count: diagnostics.errorCount }),
        })"
"components/workflow/editor/canvas.tsx","494","warning","short-or-unresolved","false","false","false","13","0","运行中（含 … 条警告）。","","","toast.warning(tDiag(""runWithWarnings"", { count: diagnostics.warningCount }))"
"components/workflow/editor/canvas.tsx","522","error","runtime-detail","false","false","true","4","0","运行失败","","","toast.error(`${t(""runFailed"")}: ${result.error?.message ?? ""unknown error""}`, {
            id: toastId,
          })"
"components/workflow/editor/canvas.tsx","529","error","runtime-detail","false","false","true","6","0","启动运行失败","","","toast.error(err instanceof Error ? err.message : t(""startFailed""), {
          id: toastId,
        })"
"components/workflow/editor/canvas.tsx","656","error","runtime-detail","false","false","true","7","0","保存工作流失败","","","toast.error(err instanceof Error ? err.message : t(""saveFailed""))"
"components/workflow/editor/canvas.tsx","694","error","guidance-text","false","true","false","12","14","无法运行——请先修复错误","运行前需先修复 … 个错误。","","toast.error(tDiag(""blockedRunTitle""), {
          description: tDiag(""blockedRunSummary"", { count: diagnostics.errorCount }),
        })"
"components/workflow/editor/canvas.tsx","702","warning","short-or-unresolved","false","false","false","13","0","运行中（含 … 条警告）。","","","toast.warning(tDiag(""runWithWarnings"", { count: diagnostics.warningCount }))"
"components/workflow/editor/canvas.tsx","716","error","runtime-detail","false","false","true","4","0","运行失败","","","toast.error(`${t(""runFailed"")}: ${result.error?.message ?? ""unknown error""}`, {
            id: toastId,
          })"
"components/workflow/editor/canvas.tsx","722","error","runtime-detail","false","false","true","6","0","启动运行失败","","","toast.error(err instanceof Error ? err.message : t(""startFailed""), { id: toastId })"
"components/workflow/editor/canvas.tsx","743","error","short-or-unresolved","false","false","false","11","0","当前环境不支持自动布局","","","toast.error(t(""layoutUnavailable""))"
"components/workflow/editor/canvas.tsx","770","error","runtime-detail","false","false","true","9","0","导出工作流图片失败","","","toast.error(err instanceof Error ? err.message : t(""imageExportFailed""))"
"components/workflow/editor/canvas.tsx","802","error","runtime-detail","false","false","true","13","0","导入工作流 JSON 失败","","","toast.error(
          err instanceof Error ? `${t(""importFailed"")}: ${err.message}` : t(""importFailed"")
        )"
"components/workflow/editor/chat/session-bar.tsx","136","error","short-or-unresolved","false","false","false","6","0","名称不能为空","","","toast.error(t(""rename.empty""))"
"components/workflow/editor/chat/session-bar.tsx","144","error","runtime-detail","false","false","true","0","0","","","","toast.error(err instanceof Error ? err.message : String(err))"
"components/workflow/editor/chat/session-bar.tsx","159","error","runtime-detail","false","false","true","0","0","","","","toast.error(err instanceof Error ? err.message : String(err))"
"components/workflow/editor/chat/session-bar.tsx","173","error","runtime-detail","false","false","true","0","0","","","","toast.error(err instanceof Error ? err.message : String(err))"
"components/workflow/editor/chat/session-bar.tsx","192","error","guidance-text","false","false","false","19","0","默认工作流会话不能删除——请改用清空。","","","toast.error(t(""session.deleteDefaultBlocked""))"
"components/workflow/editor/chat/session-bar.tsx","206","error","runtime-detail","false","false","true","0","0","","","","toast.error(err instanceof Error ? err.message : String(err))"
"components/workflow/editor/chat/sticky-proposal-banner.tsx","156","error","short-or-unresolved","false","false","false","0","0","","","","toast.error(editorClosedMessage)"
"components/workflow/editor/chat/sticky-proposal-banner.tsx","163","error","short-or-unresolved","false","false","false","0","0","","","","toast.error(staleMessage)"
"components/workflow/editor/chat/sticky-proposal-banner.tsx","185","error","short-or-unresolved","false","false","false","0","0","","","","toast.error(firstError)"
"components/workflow/editor/flow-canvas.tsx","239","error","short-or-unresolved","false","false","false","0","0","","","","toast.error(tConnection(result.reasonKey))"
"components/workflow/editor/inspector/data/data-panel.tsx","87","error","short-or-unresolved","false","false","false","18","0","JSON 格式无效——未保存固定值。","","","toast.error(t(""pinParseError""))"
"components/workflow/editor/right-sidebar/chat-tab.tsx","184","error","runtime-detail","false","false","true","0","0","","","","toast.error(err instanceof Error ? err.message : String(err))"
"components/workflow/editor/right-sidebar/chat-tab.tsx","215","error","runtime-detail","false","false","true","0","0","","","","toast.error(err instanceof Error ? err.message : String(err))"
"components/workflow/editor/right-sidebar/settings/plugin-capabilities-section.tsx","68","error","runtime-detail","false","false","true","0","0","","","","toast.error(err instanceof Error ? err.message : String(err))"
"components/workflow/editor/right-sidebar/templates-tab.tsx","147","error","runtime-detail","false","false","true","8","0","无法插入 …：…","","","toast.error(
        t(""nodeGroups.failed"", {
          name,
          message: error instanceof Error ? error.message : String(error),
        })
      )"
"components/workflow/editor/right-sidebar/templates-tab.tsx","166","error","runtime-detail","false","false","true","17","0","无法升级 Node Group：…","","","toast.error(
        t(""nodeGroups.upgradeFailed"", {
          message: error instanceof Error ? error.message : String(error),
        })
      )"
"components/workflow/editor/right-sidebar/templates-tab.tsx","350","error","short-or-unresolved","false","false","false","14","0","填好所有必填项才能应用模板。","","","toast.error(t(""slotRequiredMissing""))"
"components/workflow/editor/right-sidebar/templates-tab.tsx","361","error","runtime-detail","false","false","true","0","0","","","","toast.error(materialize.message)"
"components/workflow/library/fanout-subscriptions-panel.tsx","82","error","short-or-unresolved","false","false","false","13","0","适配器和会话键都是必填项。","","","toast.error(t(""addMissingFields""))"
"components/workflow/library/fanout-subscriptions-panel.tsx","96","error","runtime-detail","false","false","true","0","0","","","","toast.error(err instanceof Error ? err.message : String(err))"
"components/workflow/library/fanout-subscriptions-panel.tsx","106","error","runtime-detail","false","false","true","0","0","","","","toast.error(err instanceof Error ? err.message : String(err))"
"components/workflow/library/fanout-subscriptions-panel.tsx","115","error","runtime-detail","false","false","true","0","0","","","","toast.error(err instanceof Error ? err.message : String(err))"
"components/workflow/library/workflow-action-items.tsx","71","error","runtime-detail","false","false","true","7","0","复制工作流失败","","","toast.error(err instanceof Error ? err.message : t(""duplicateFailed""))"
"components/workflow/library/workflow-action-items.tsx","80","error","runtime-detail","false","false","true","7","0","另存为模板失败","","","toast.error(err instanceof Error ? err.message : t(""saveAsTemplateFailed""))"
"components/workflow/library/workflow-bulk-tag-dialog.tsx","65","error","short-or-unresolved","false","false","false","6","0","添加标签失败","","","toast.error(t(""addFailed""))"
"components/workflow/library/workflow-create-dialog.tsx","67","error","runtime-detail","false","false","true","2","0","创建","","","toast.error(err instanceof Error ? err.message : t(""create""))"
"components/workflow/library/workflow-create-folder-dialog.tsx","94","error","short-or-unresolved","false","false","false","7","0","创建文件夹失败","","","toast.error(t(""createFailed""))"
"components/workflow/library/workflow-delete-dialog.tsx","44","error","short-or-unresolved","false","false","false","7","0","删除工作流失败","","","toast.error(t(""deleteFailed""))"
"components/workflow/library/workflow-edit-tags-dialog.tsx","73","error","short-or-unresolved","false","false","false","6","0","更新标签失败","","","toast.error(t(""tagsFailed""))"
"components/workflow/library/workflow-folder-menu.tsx","49","error","short-or-unresolved","false","false","false","5","0","删除文件夹","","","toast.error(t(""delete""))"
"components/workflow/library/workflow-library.tsx","177","error","short-or-unresolved","false","false","false","9","0","… 个文件导入失败","","","toast.error(t(""import.failed"", { count: failed }))"
"components/workflow/library/workflow-library.tsx","197","error","short-or-unresolved","false","false","false","4","0","移动失败","","","toast.error(t(""move.moveFailed""))"
"components/workflow/library/workflow-move-to-folder-dialog.tsx","96","error","short-or-unresolved","false","false","false","4","0","移动失败","","","toast.error(t(""moveFailed""))"
"components/workflow/library/workflow-rename-dialog.tsx","55","error","short-or-unresolved","false","false","false","8","0","重命名工作流失败","","","toast.error(t(""renameFailed""))"
"components/workflow/library/workflow-run-dialog.tsx","79","error","runtime-detail","false","false","true","14","0","载荷必须是合法的 JSON。","","","toast.error(err instanceof Error ? err.message : t(""runDialog.invalidJson""))"
"components/workflow/runs/dead-letter-panel.tsx","52","error","runtime-detail","false","false","true","0","0","","","","toast.error(err instanceof Error ? err.message : String(err))"
"components/workflow/runs/dead-letter-panel.tsx","75","error","runtime-detail","false","false","true","0","0","","","","toast.error(err instanceof Error ? err.message : String(err))"
"components/workflow/runs/handoff-panel.tsx","109","error","runtime-detail","false","false","true","0","0","","","","toast.error(error instanceof Error ? error.message : String(error))"
"components/workflow/runs/run-detail.tsx","173","error","runtime-detail","false","false","true","4","0","运行失败 | 未知错误","","","toast.error(`${tToast(""runFailed"")}: ${result.error?.message ?? t(""unknownError"")}`, {
          id: toastId,
        })"
"components/workflow/runs/run-detail.tsx","178","error","runtime-detail","false","false","true","4","0","运行失败","","","toast.error(err instanceof Error ? err.message : tToast(""runFailed""), {
        id: toastId,
      })"
"components/workflow/runs/run-list.tsx","180","error","runtime-detail","false","false","true","4","0","运行失败","","","toast.error(
          `${tToast(""runFailed"")}: ${execution.result.error?.message ?? ""unknown error""}`,
          { id: toastId }
        )"
"components/workflow/runs/run-list.tsx","185","error","runtime-detail","false","false","true","4","0","运行失败","","","toast.error(err instanceof Error ? err.message : tToast(""runFailed""), { id: toastId })"
"components/workflow/runs/run-list.tsx","212","error","short-or-unresolved","false","false","false","6","0","删除运行失败","","","toast.error(t(""deleteFailed""))"
"components/workflow/runs/workflow-run-toaster.tsx","66","error","button","true","false","false","10","0","工作流「…」运行失败","","actionFor(run, t, router.push)","toast.error(t(""failed"", { name: run.title ?? run.workflowId }), {
          id: prev?.toastId,
          action: actionFor(run, t, router.push),
        })"
"components/workspace/agent-branches-section.tsx","131","error","runtime-detail","false","true","true","6","0","无法检出 …","","","toast.error(t(""checkoutFailed"", { name }), { description: errorText(err) })"
"components/workspace/agent-branches-section.tsx","146","error","runtime-detail","false","true","true","6","0","无法删除 …","","","toast.error(t(""deleteFailed"", { name }), { description: errorText(err) })"
"components/workspace/new-workspace-dialog.tsx","141","warning","short-or-unresolved","false","true","false","35","0","文件夹已创建，但 Git 初始化失败。你可以稍后在源代码管理中初始化。","","","toast.warning(t(""errors.gitInitFailed""), { description: describe(result.gitInitError) })"
"components/workspace/new-worktree-form.tsx","73","error","runtime-detail","false","false","true","9","0","工作树操作失败：…","","","toast.error(t(""worktrees.error"", { message: errorDetail(err) }))"
"components/workspace/new-worktree-form.tsx","95","error","runtime-detail","false","false","true","9","0","工作树操作失败：…","","","toast.error(t(""worktrees.error"", { message: errorDetail(err) }))"
"components/workspace/workspace-cogset-binding.tsx","46","error","runtime-detail","false","true","true","12","0","无法更改此工作区的齿轮组","","","toast.error(t(""failed""), {
        description: error instanceof Error ? error.message : String(error),
      })"
"components/workspace/workspace-invitations.tsx","105","error","runtime-detail","false","true","true","13","0","协作服务器拒绝了这次更改。","","","toast.error(t(""toast.failed""), { description: explain(cause) })"
"components/workspace/workspace-members.tsx","200","error","runtime-detail","false","true","true","13","0","协作服务器拒绝了这次更改。","","","toast.error(t(""toast.failed""), { description: explain(cause) })"
"components/workspace/workspace-members.tsx","209","error","runtime-detail","false","true","true","13","0","协作服务器拒绝了这次更改。","","","toast.error(t(""toast.failed""), { description: explain(cause) })"
"components/workspace/workspace-members.tsx","218","error","runtime-detail","false","true","true","13","0","协作服务器拒绝了这次更改。","","","toast.error(t(""toast.failed""), { description: explain(cause) })"
"components/workspace/workspace-members.tsx","227","error","runtime-detail","false","true","true","13","0","协作服务器拒绝了这次更改。","","","toast.error(t(""toast.failed""), { description: explain(cause) })"
"components/workspace/workspace-recent-conversations.tsx","80","error","runtime-detail","false","false","true","8","0","无法开始对话：…","","","toast.error(
        t(""startFailed"", { error: error instanceof Error ? error.message : String(error) })
      )"
"hooks/bots/use-bot-control-writes.ts","116","error","guidance-text","false","true","false","11","0","这项改动无法从这里进行","先把这台设备与一台宿主配对，才能改动。 | 当前离线。恢复连接后会自动发送。 | 只有宿主的所有者可以改动。 | 还在确认所连宿主支持哪些能力。 | 所连宿主使用的协议版本不同。 | 所连宿主版本太旧，无法接受这项改动。 | 在本设备处理。 | 在本设备处理。 | 这台设备没有被授予该权限。 | 显示的是最后已知状态。重新连接后才能改动。 | 已排队，恢复连接后发送。 | 当前没有可用的投递运行器。桌面应用或配对的宿主才会运行它们。 | 浏览器无法运行 Bot。请配对一台宿主，或使用桌面应用。 | 这是内部操作。 | 当前版本不认识该操作。 | 先解锁保险库才能改动。","","toast.error(t(""write.unavailable""), {
          description: t(`write.reason.${error.availability.reason}`),
        })"
"hooks/bots/use-bot-control-writes.ts","127","error","guidance-text","false","false","false","37","0","请先在所属 Host 上启用此 Bot，并恢复其定义和原运行记录，再重试。","","","toast.error(t(""write.retryUnavailable""))"
"hooks/bots/use-bot-control-writes.ts","131","error","guidance-text","false","false","false","0","0","这条投递已经不存在了。 | 这个 Bot 已经不在安装列表里了。 | 这个定义没有声明该触发器。","","","toast.error(t(`write.missing.${error.what}`))"
"hooks/bots/use-bot-control-writes.ts","134","error","runtime-detail","false","true","true","6","0","改动未能保存","","","toast.error(t(""write.failed""), {
        description: error instanceof Error ? error.message : String(error),
      })"
"hooks/bots/use-bot-lifecycle-actions.ts","124","error","guidance-text","false","true","false","10","0","无法从这里进行该更改","先把这台设备与一台宿主配对，才能改动。 | 当前离线。恢复连接后会自动发送。 | 只有宿主的所有者可以改动。 | 还在确认所连宿主支持哪些能力。 | 所连宿主使用的协议版本不同。 | 所连宿主版本太旧，无法接受这项改动。 | 在本设备处理。 | 在本设备处理。 | 这台设备没有被授予该权限。 | 显示的是最后已知状态。重新连接后才能改动。 | 已排队，恢复连接后发送。 | 当前没有可用的投递运行器。桌面应用或配对的宿主才会运行它们。 | 浏览器无法运行 Bot。请配对一台宿主，或使用桌面应用。 | 这是内部操作。 | 当前版本不认识该操作。 | 先解锁保险库才能改动。","","toast.error(t(""lifecycle.unavailable""), {
          description: t(`write.reason.${error.availability.reason}`),
        })"
"hooks/bots/use-bot-lifecycle-actions.ts","130","error","guidance-text","false","false","false","19","0","处理函数缺失期间无法安装这个 Bot。","","","toast.error(t(""lifecycle.notInstallable""))"
"hooks/bots/use-bot-lifecycle-actions.ts","134","error","guidance-text","false","false","false","37","0","这个 Bot 的定义已不存在。请重新安装拥有它的插件，或卸载这个 Bot。","","","toast.error(t(""lifecycle.definitionMissing""))"
"hooks/bots/use-bot-lifecycle-actions.ts","138","error","guidance-text","false","false","false","0","0","这条投递已经不存在了。 | 这个 Bot 已经不在安装列表里了。 | 这个定义没有声明该触发器。","","","toast.error(t(`write.missing.${error.what}`))"
"hooks/bots/use-bot-lifecycle-actions.ts","141","error","runtime-detail","false","true","true","6","0","改动未能保存","","","toast.error(t(""write.failed""), {
        description: error instanceof Error ? error.message : String(error),
      })"
"hooks/browser/use-browser-download-attach-intake.ts","62","error","short-or-unresolved","false","false","false","20","0","该文件超过 64 MB，无法附加到对话。 | 无法将文件附加到对话","","","toast.error(
          downloadReadFailure(error) === ""too-large""
            ? tRef.current(""tooLarge"")
            : tRef.current(""attachFailed"")
        )"
"hooks/browser/use-local-file-chooser.ts","77","error","runtime-detail","false","false","true","8","0","无法上传文件：…","","","toast.error(t(""failed"", { message: messageOf(error) }))"
"hooks/browser/use-local-file-chooser.ts","85","error","runtime-detail","false","false","true","8","0","无法上传文件：…","","","toast.error(t(""failed"", { message }))"
"hooks/chat/use-apply-preset.ts","36","error","guidance-text","false","false","false","14","0","请先开始一个对话再套用预设。","","","toast.error(tPreset(""needsSession""))"
"hooks/chat/use-claude-chat-controller.ts","772","warning","runtime-detail","false","false","true","0","0","","","","toast.warning(lines.join("" ""))"
"hooks/chat/use-claude-chat-controller.ts","2000","warning","runtime-detail","false","false","true","37","0","本回合开始前有 … 个打开的文件未能保存，agent 可能读到过期内容：…","","","toast.warning(
          tInlineErr(""unflushedEditorBuffers"", {
            count: unflushed.length,
            files: unflushed.join("", ""),
          })
        )"
"hooks/chat/use-claude-chat-controller.ts","2407","warning","short-or-unresolved","false","false","false","21","0","有 … 个视频无法发送给此模型，已被略过。","","","toast.warning(tVideo(""nativeDropped"", { count: videoGuard.dropped }))"
"hooks/chat/use-claude-chat-controller.ts","6153","warning","runtime-detail","false","false","true","24","0","… 无法再次发送，已略去。如需包含，请重新附加。","","","toast.warning(
        tAttachments(""notResent"", { count: filenames.length, names: filenames.join("", "") })
      )"
"hooks/chat/use-cli-session-handoff.ts","70","error","short-or-unresolved","false","false","false","9","0","导入移交的会话失败","","","toast.error(tRef.current(""failed""))"
"hooks/chat/use-conversation-row-actions.ts","419","error","short-or-unresolved","false","false","false","0","0","","","","toast.error(latest.current.tRow(""linkCopyFailed""))"
"hooks/chat/use-entity-mention-staging.ts","59","error","short-or-unresolved","false","false","false","12","0","「…」已无法在这里引用。","","","toast.error(t(""entityUnavailable"", { title: candidate.title }))"
"hooks/chat/use-entity-mention-staging.ts","70","error","short-or-unresolved","false","false","false","17","0","「…」没有可读内容，可能已被删除。","","","toast.error(t(""entityEmpty"", { title: candidate.title }))"
"hooks/chat/use-entity-mention-staging.ts","93","error","runtime-detail","false","false","true","9","0","读取「…」失败：…","","","toast.error(
          t(""entityFailed"", {
            title: candidate.title,
            reason: err instanceof Error ? err.message : String(err),
          })
        )"
"hooks/chat/use-message-selection-actions.ts","135","error","short-or-unresolved","false","false","false","11","0","无法引用这段选中内容。","","","toast.error(t(""referenceError""))"
"hooks/chat/use-message-selection-actions.ts","156","error","short-or-unresolved","false","false","false","11","0","无法引用这段选中内容。","","","toast.error(t(""referenceError""))"
"hooks/chat/use-message-selection-actions.ts","199","error","short-or-unresolved","false","false","false","11","0","无法引用这段选中内容。","","","toast.error(t(""referenceError""))"
"hooks/chat/use-remote-doc-staging.ts","115","error","short-or-unresolved","false","false","false","12","0","该文档来源尚未连接账号。","","","toast.error(t(""errors.notConfigured""))"
"hooks/chat/use-remote-doc-staging.ts","132","error","runtime-detail","false","false","true","0","0","","","","toast.error(message, { id: pending })"
"hooks/chat/use-remote-doc-staging.ts","150","error","short-or-unresolved","false","false","false","8","0","无法附加「…」。","","","toast.error(t(""picker.attachFailed"", { title: content.title }), { id: pending })"
"hooks/chat/use-remote-doc-staging.ts","161","warning","short-or-unresolved","false","false","false","12","0","「…」内容过大，已截断。","","","toast.warning(t(""picker.truncated"", { title: content.title }))"
"hooks/chat/use-session-desktop-handoffs.ts","103","error","short-or-unresolved","false","false","false","10","0","无法导出此会话到终端","","","toast.error(t(""openInTerminalFailed""))"
"hooks/chat/use-session-desktop-handoffs.ts","121","error","runtime-detail","false","true","true","25","0","交接内容中检测到敏感信息。请先移除或脱敏，再导出。","","","toast.error(
          t(
            code === ""PII_BLOCKED""
              ? ""codexHandoffPiiBlocked""
              : code === ""UNTRANSFERABLE_CONTENT""
                ? ""codexHandoffUnsupported""
                : detail.includes(""uncertain outcome"") ||
                    detail.includes(""timed out"") ||
                    detail.includes(""not yet discoverable"") ||
                    detail.includes(""recovery scan limit"")
                  ? ""codexHandoffPending""
                  : ""openInCodexAppFailed""
          ),
          { description: detail }
        )"
"hooks/chat/use-session-desktop-handoffs.ts","150","error","runtime-detail","false","true","true","43","0","本地找不到关联的 Codex 任务。请先在 Codex App 中打开它，再重试导入。 | 无法导入关联的 Codex 任务。","","","toast.error(
          t(code === ""TARGET_NOT_FOUND"" ? ""codexHandoffTargetMissing"" : ""returnFromCodexAppFailed""),
          { description: String(error) }
        )"
"hooks/chat/use-session-write.ts","115","error","short-or-unresolved","false","false","false","0","0","","","","toast.error(t(""actionLocked""))"
"hooks/chat/use-session-write.ts","129","error","short-or-unresolved","false","false","false","0","0","","","","toast.error(t(""actionLocked""))"
"hooks/chat/use-session-write.ts","130","error","runtime-detail","false","true","true","0","0","","","","toast.error(t(`actionFailed.${action}`), { description: message })"
"hooks/chat/use-session-write.ts","148","error","runtime-detail","false","true","true","0","0","","","","toast.error(t(""undoFailed""), { description: message })"
"hooks/chat/use-team-chat.ts","326","warning","runtime-detail","false","false","true","24","0","… 无法再次发送，已略去。如需包含，请重新附加。","","","toast.warning(
        tAttachments(""notResent"", { count: filenames.length, names: filenames.join("", "") })
      )"
"hooks/codeserver/use-code-server-project-opener.ts","52","error","runtime-detail","false","false","true","19","0","无法在 VS Code 中打开文件：…","","","toast.error(t(""proIde.openFileFailed"", { error: String(cause) }))"
"hooks/codeserver/use-code-server-workspace-navigation.ts","57","error","short-or-unresolved","false","false","false","28","0","Cognia 中已找不到“…”，它可能已被删除或已完成。","","","toast.error(tRef.current(""workspaceRowMissing"", { label: row.label }))"
"hooks/companion/use-remote-terminal-grant.ts","178","error","runtime-detail","false","false","true","0","0","","","","toast.error(hostRefusalMessage(error, tTerminal))"
"hooks/companion/use-remote-terminal-grant.ts","188","error","runtime-detail","false","false","true","24","0","… 已在本机失去终端授权，但本地记录未能更新：…","","","toast.error(
            tTerminal(""mirrorStale"", {
              label,
              reason: error instanceof Error ? error.message : String(error),
            })
          )"
"hooks/companion/use-remote-terminal-grant.ts","222","error","runtime-detail","false","false","true","0","0","","","","toast.error(hostRefusalMessage(error, tTerminal))"
"hooks/companion/use-remote-terminal-grant.ts","227","error","runtime-detail","false","false","true","11","0","终端访问权限未更改。…","","","toast.error(tTerminal(""blocked"", { reason: blockReason(result.reason) }))"
"hooks/data/use-remote-session-stream.ts","490","warning","short-or-unresolved","false","false","false","24","0","该桌面端无法接收附件——消息已发送，但未带附件。","","","toast.warning(t(""detail.attachmentsNeedHost""))"
"hooks/data/use-remote-session-stream.ts","508","warning","short-or-unresolved","false","false","false","0","0","mobile.remoteSessions.detail.controlLost","","","toast.warning(t(""detail.controlLost""))"
"hooks/data/use-remote-session-stream.ts","510","error","runtime-detail","false","false","true","0","0","mobile.remoteSessions.detail.sendFailed","","","toast.error(t(""detail.sendFailed"", { reason: errReason(err) }))"
"hooks/data/use-remote-session-stream.ts","536","warning","short-or-unresolved","false","false","false","0","0","mobile.remoteSessions.detail.controlLost","","","toast.warning(t(""detail.controlLost""))"
"hooks/data/use-remote-session-stream.ts","538","error","runtime-detail","false","false","true","0","0","mobile.remoteSessions.detail.interruptFailed","","","toast.error(t(""detail.interruptFailed"", { reason: errReason(err) }))"
"hooks/data/use-remote-session-stream.ts","570","warning","short-or-unresolved","false","false","false","0","0","mobile.remoteSessions.detail.controlLost","","","toast.warning(t(""detail.controlLost""))"
"hooks/data/use-remote-session-stream.ts","573","error","runtime-detail","false","false","true","0","0","mobile.remoteSessions.approval.respondFailed","","","toast.error(t(""approval.respondFailed"", { reason: errReason(err) }))"
"hooks/devices/use-device-grant-actions.ts","201","error","runtime-detail","false","false","true","9","0","远程控制未启用。…","","","toast.error(tRc(""blocked"", { reason: blockReason(result.reason) }))"
"hooks/devices/use-device-grant-actions.ts","236","error","runtime-detail","false","false","true","16","0","未启用运行 Agent 权限。…","","","toast.error(tAc(""blocked"", { reason: blockReason(result.reason) }))"
"hooks/devices/use-device-grant-actions.ts","277","error","runtime-detail","false","false","true","11","0","文件传输权限未更改。…","","","toast.error(tSshFiles(""blocked"", { reason: blockReason(result.reason) }))"
"hooks/devices/use-device-grant-actions.ts","308","error","runtime-detail","false","false","true","16","0","Locked Use 未启用。…","","","toast.error(tLocked(""blocked"", { reason: blockReason(result.reason) }))"
"hooks/devices/use-device-grant-actions.ts","342","error","runtime-detail","false","false","true","7","0","暂停未完成。…","","","toast.error(tPause(""blocked"", { reason: blockReason(result.reason) }))"
"hooks/devices/use-device-grant-actions.ts","374","error","runtime-detail","false","false","true","7","0","恢复未完成。…","","","toast.error(tResume(""blocked"", { reason: blockReason(result.reason) }))"
"hooks/devices/use-device-grant-actions.ts","405","error","runtime-detail","false","false","true","9","0","解除配对未完成。…","","","toast.error(tRev(""blocked"", { reason: blockReason(result.reason) }))"
"hooks/devices/use-device-grant-actions.ts","419","error","runtime-detail","false","false","true","25","0","… 只能在桌面应用中更改，当前环境无法写入该授权。 | 无法更改 …：…","","","toast.error(
        error instanceof DeviceGrantHostUnreachableError
          ? t(""hostOnly"", { label })
          : t(""hostRefused"", { label, reason: describeError(error) })
      )"
"hooks/files-library/use-files-actions.ts","71","error","guidance-text","false","false","false","0","0","此项无法在对话中使用。 | 此项没有可用的内容。 | 此项内容已不在本设备上。 | 文件夹不能移到自身之中。 | 请输入文件夹名称。 | 上级文件夹已不存在。 | 该文件夹已不存在。 | 只有上传到文件的内容才能在这里删除。 | 上传到文件的内容只能删除，不能移除。 | 此项内容已不在本设备上。 | 已存在标识相同但内容不同的文件。 | 文件的提取文本与文件不一致。 | 无法读取该文件。 | 该文件已不在本设备上。 | 存储空间不足。请在 设置 → 存储 中释放空间。 | 保存文件时账户发生了切换。 | 该对话已不存在。 | 文件超过 500 MB。 | 出了点问题，请重试。","","","toast.error(t(`errors.${errorKey(error)}`))"
"hooks/files-library/use-files-actions.ts","168","error","short-or-unresolved","false","false","false","12","0","此项内容已不在本设备上。","","","toast.error(t(""errors.files_source_missing""))"
"hooks/files-library/use-files-actions.ts","213","error","guidance-text","false","false","false","9","0","无法上传「…」：… | 此项无法在对话中使用。 | 此项没有可用的内容。 | 此项内容已不在本设备上。 | 文件夹不能移到自身之中。 | 请输入文件夹名称。 | 上级文件夹已不存在。 | 该文件夹已不存在。 | 只有上传到文件的内容才能在这里删除。 | 上传到文件的内容只能删除，不能移除。 | 此项内容已不在本设备上。 | 已存在标识相同但内容不同的文件。 | 文件的提取文本与文件不一致。 | 无法读取该文件。 | 该文件已不在本设备上。 | 存储空间不足。请在 设置 → 存储 中释放空间。 | 保存文件时账户发生了切换。 | 该对话已不存在。 | 文件超过 500 MB。 | 出了点问题，请重试。","","","toast.error(
            t(""toasts.uploadFailed"", { name: file.name, reason: t(`errors.${errorKey(error)}`) })
          )"
"hooks/files/use-secure-file-ops.ts","82","error","runtime-detail","false","false","true","7","0","访问被拒绝：…","","","toast.error(t(""denied"", { detail: err.decision.detail ?? err.decision.reason }))"
"hooks/files/use-secure-file-ops.ts","86","error","runtime-detail","false","false","true","8","0","文件操作失败：…","","","toast.error(t(""failed"", { message }))"
"hooks/git/use-ai-commit-message.ts","150","warning","short-or-unresolved","false","false","false","14","0","已脱敏敏感数据后再发送给模型","","","toast.warning(t(""commit.ai.redacted""))"
"hooks/git/use-ai-commit-message.ts","173","error","short-or-unresolved","false","false","false","8","0","生成提交信息失败","","","toast.error(t(""commit.ai.failed""))"
"hooks/git/use-ai-commit-message.ts","200","error","short-or-unresolved","false","false","false","8","0","生成提交信息失败","","","toast.error(t(""commit.ai.failed""))"
"hooks/git/use-ai-commit-message.ts","209","error","runtime-detail","false","true","true","8","0","生成提交信息失败","","","toast.error(t(""commit.ai.failed""), { description: message })"
"hooks/git/use-ai-diff-explain.ts","66","warning","short-or-unresolved","false","false","false","14","0","发送给模型前已对敏感数据脱敏","","","toast.warning(t(""explain.redacted""))"
"hooks/git/use-ai-diff-explain.ts","76","error","short-or-unresolved","false","false","false","6","0","解释更改失败","","","toast.error(t(""explain.failed""))"
"hooks/git/use-ai-diff-explain.ts","85","error","short-or-unresolved","false","false","false","6","0","解释更改失败","","","toast.error(t(""explain.failed""))"
"hooks/git/use-ai-diff-explain.ts","93","error","short-or-unresolved","false","false","false","6","0","解释更改失败","","","toast.error(t(""explain.failed""))"
"hooks/git/use-ai-diff-review.ts","62","warning","short-or-unresolved","false","false","false","14","0","发送给模型前已对敏感数据脱敏","","","toast.warning(t(""review.ai.redacted""))"
"hooks/git/use-ai-diff-review.ts","74","error","short-or-unresolved","false","false","false","7","0","AI 审查失败","","","toast.error(t(""review.ai.failed""))"
"hooks/git/use-ai-diff-review.ts","105","error","short-or-unresolved","false","false","false","7","0","AI 审查失败","","","toast.error(t(""review.ai.failed""))"
"hooks/git/use-git-actions.ts","173","error","guidance-text","false","false","false","16","0","未绑定仓库——请先打开一个文件夹","","","toast.error(t(""errors.noRepo""))"
"hooks/git/use-git-actions.ts","190","error","runtime-detail","false","false","true","0","0","切换分支失败：… | 提交失败：… | Git 操作失败：… | 未绑定仓库——请先打开一个文件夹 | 拉取失败：… | 推送失败：… | 仓库操作已完成，但状态刷新失败","","","toast.error(t(`errors.${key}`, { message }))"
"hooks/git/use-git-actions.ts","201","error","short-or-unresolved","false","false","false","15","0","仓库操作已完成，但状态刷新失败","","","toast.error(t(""errors.refreshFailed""))"
"hooks/global-search/use-global-search-actions.ts","119","error","guidance-text","false","false","false","10","0","无法打开匹配的消息。","","","toast.error(t(""jumpFailed""))"
"hooks/global-search/use-global-search-actions.ts","163","error","runtime-detail","false","false","true","8","0","无法更新导航：…","","","toast.error(
          t(""toasts.navigationUpdateFailed"", {
            message: err instanceof Error ? err.message : String(err),
          })
        )"
"hooks/global-search/use-global-search-actions.ts","198","error","runtime-detail","false","false","true","8","0","无法更新导航：…","","","toast.error(
          t(""toasts.navigationUpdateFailed"", {
            message: err instanceof Error ? err.message : String(err),
          })
        )"
"hooks/global-search/use-global-search-actions.ts","246","error","runtime-detail","false","false","true","0","0","","","","toast.error(err instanceof Error ? err.message : String(err))"
"hooks/global-search/use-global-search-actions.ts","323","error","runtime-detail","false","false","true","8","0","切换桌宠失败：…","","","toast.error(
              t(""toasts.petToggleFailed"", {
                message: err instanceof Error ? err.message : String(err),
              })
            )"
"hooks/global-search/use-global-search-actions.ts","352","error","runtime-detail","false","false","true","8","0","检查更新失败：…","","","toast.error(
              t(""toasts.updateFailed"", {
                message: err instanceof Error ? err.message : String(err),
              })
            )"
"hooks/global-search/use-global-search-actions.ts","486","error","runtime-detail","false","false","true","0","0","","","","toast.error(err instanceof Error ? err.message : String(err))"
"hooks/global-search/use-global-search-actions.ts","499","error","short-or-unresolved","false","false","false","8","0","该操作已不可用。","","","toast.error(t(""recents.unavailable""))"
"hooks/global-search/use-global-search-actions.ts","507","error","runtime-detail","false","false","true","0","0","","","","toast.error(err instanceof Error ? err.message : String(err))"
"hooks/plugins/use-plugin-enable-action.ts","65","error","short-or-unresolved","false","true","false","6","14","无法启用 …","此插件无法在当前设备上运行。","","toast.error(t(""enableFailed"", { name }), {
          description: t(""enableBlocked""),
        })"
"hooks/plugins/use-plugin-enable-action.ts","79","error","button","true","true","true","6","0","无法启用 … | 无法停用 …","","viewDetails","toast.error(t(next ? ""enableFailed"" : ""disableFailed"", { name }), {
          id: pluginEnableFailureToastId(plugin.id, message),
          description: message ? describe(message) : undefined,
          action: viewDetails,
        })"
"hooks/plugins/use-plugin-registry-sync.ts","135","error","runtime-detail","false","false","true","9","0","注册表同步失败：…","","","toast.error(t(""syncFailed"", { message: err instanceof Error ? err.message : String(err) }))"
"hooks/plugins/use-plugin-uninstall.ts","132","error","button","true","true","true","6","0","无法卸载 …","","{
            label: t(""viewDetails""),
            onClick: () => router.push(pluginDetailHref(target.pluginId)),
          }","toast.error(t(""uninstallFailed"", { name: target.name }), {
          description: describe(error),
          action: {
            label: t(""viewDetails""),
            onClick: () => router.push(pluginDetailHref(target.pluginId)),
          },
        })"
"hooks/project-coordinator/use-continue-as-project-menu.ts","33","error","guidance-text","false","false","false","0","0","此对话已经属于某个项目。 | 请等待当前回复完成后再试。 | 分支或旁支对话不能成为项目线程。 | 此对话已不存在。 | 请先把此对话移到某个工作区。","","","toast.error(t(`refused.${result.reason}`))"
"hooks/project-coordinator/use-continue-as-project-menu.ts","39","error","runtime-detail","false","false","true","10","0","无法作为项目继续：…","","","toast.error(t(""failed"", { error: error instanceof Error ? error.message : String(error) }))"
"hooks/project-coordinator/use-project-pause.ts","34","error","runtime-detail","false","false","true","0","0","","","","toast.error(t(failure, { error: error instanceof Error ? error.message : String(error) }))"
"hooks/scheduler/use-scheduler-item-actions.ts","171","error","short-or-unresolved","false","true","false","7","0","无法更新“…”","","","toast.error(t(""actionFailed"", { name: item.name }), {
        ...(id !== undefined ? { id } : {}),
        ...(description ? { description } : {}),
      })"
"hooks/scheduler/use-scheduler-item-actions.ts","225","warning","button","true","true","true","6","0","「…」未运行 | 「…」已取消","","viewRunAction(runUnifiedId)","toast.warning(
                tActions(execution.status === ""skipped"" ? ""skipped"" : ""cancelled"", {
                  name: item.name,
                }),
                {
                  id: toastId,
                  ...(reason ? { description: reason } : {}),
                  action: viewRunAction(runUnifiedId),
                }
              )"
"hooks/scheduler/use-scheduler-item-actions.ts","244","error","button","true","true","true","7","0","「…」运行失败","","viewRunAction(runUnifiedId)","toast.error(tActions(""runFailed"", { name: item.name }), {
                id: toastId,
                ...(execution.error ? { description: execution.error } : {}),
                action: viewRunAction(runUnifiedId),
              })"
"hooks/sites/use-site-actions.ts","92","error","runtime-detail","false","false","true","0","0","","","","toast.error(error instanceof Error ? error.message : String(error))"
"hooks/skills/use-skill-sync.ts","28","error","short-or-unresolved","false","false","false","11","0","当前主机无法写入技能。","","","toast.error(t(""unavailableWrite""))"
"hooks/skills/use-skill-sync.ts","36","error","runtime-detail","false","false","true","0","0","","","","toast.error(err instanceof Error ? err.message : String(err))"
"hooks/skills/use-skill-sync.ts","44","error","short-or-unresolved","false","false","false","11","0","当前主机无法使用技能。","","","toast.error(t(""unavailableRead""))"
"hooks/skills/use-skill-sync.ts","52","error","runtime-detail","false","false","true","0","0","","","","toast.error(err instanceof Error ? err.message : String(err))"
"hooks/skills/use-skill-sync.ts","60","error","short-or-unresolved","false","false","false","11","0","当前主机无法写入技能。","","","toast.error(t(""unavailableWrite""))"
"hooks/skills/use-skill-sync.ts","68","error","runtime-detail","false","false","true","0","0","","","","toast.error(err instanceof Error ? err.message : String(err))"
"hooks/skills/use-skill-sync.ts","88","warning","runtime-detail","false","false","true","0","0","","","","toast.warning(parts.join("", "") || t(""noChanges""))"
"hooks/squads/use-squad-run-control.ts","166","error","runtime-detail","false","true","true","0","6","无法暂停小队 | 无法恢复小队 | 无法启动小队 | 无法停止小队","宿主授权码：","","toast.error(tControl(`failed.${action}`), {
            description: [
              tRun(result.reason ?? ""control_failed""),
              result.consentCode ? `${tRun(""consentCode"")} ${result.consentCode}` : """",
            ]
              .filter(Boolean)
              .join("" ""),
          })"
"hooks/terminal/use-ssh-connect.tsx","123","error","button","true","true","true","0","0","","","action
          ? {
              label: action.label,
              onClick: () => router.push(sshHostSettingsHref(action.hostId)),
            }
          : undefined","toast.error(message, {
        description,
        action: action
          ? {
              label: action.label,
              onClick: () => router.push(sshHostSettingsHref(action.hostId)),
            }
          : undefined,
      })"
"hooks/terminal/use-ssh-host-key-change.tsx","95","error","runtime-detail","false","true","true","16","0","无法更新 known_hosts","","","toast.error(t(""toasts.hostKeyForgetFailed""), {
              description: error instanceof Error ? error.message : String(error),
            })"
"hooks/use-biometric-policy-update.ts","57","error","guidance-text","false","false","false","26","0","账户或连接的 Host 已更改，请在当前设置中重试。","","","toast.error(t(""policyChangeContextChanged""))"
"hooks/use-biometric-policy-update.ts","76","error","runtime-detail","false","false","true","9","0","未更改保护设置。…","","","toast.error(t(""policyChangeBlocked"", { reason: blockReason(outcome.reason) }))"
"hooks/use-biometric-policy-update.ts","82","error","guidance-text","false","false","false","13","0","无法保存保护设置，请重试。","","","toast.error(t(""policyChangeFailed""))"
"hooks/use-camera-recovery.ts","35","error","guidance-text","false","false","false","11","0","无法读取照片，请重试。","","","toast.error(tRef.current(""photoFailed""))"
"hooks/workspace/use-move-session-workspace.ts","64","error","guidance-text","false","false","false","0","0","会话已经在该工作区了。 | 该会话已移交给另一台主机，在此为只读。 | 请先停止正在进行的回合再迁移会话。 | 该工作区已不存在。","","","toast.error(t(`refused.${plan.reason}`))"
"hooks/workspace/use-move-session-workspace.ts","80","error","runtime-detail","false","false","true","8","0","迁移会话失败：…","","","toast.error(t(""failed"", { error: error instanceof Error ? error.message : String(error) }))"
"lib/claude/dropped-capability-toast.ts","37","warning","short-or-unresolved","false","false","false","0","0","","","","toast.warning(translate({ model: warning.model }), { duration: 6000 })"
"lib/claude/over-budget-toast.ts","38","warning","short-or-unresolved","false","false","false","0","0","","","","toast.warning(
      translate({
        provider: warning.providerId,
        spend: warning.spend.toFixed(2),
        budget: warning.budget.toFixed(2),
      }),
      { duration: 6000 }
    )"
"lib/files/export-feedback.ts","40","error","runtime-detail","false","false","true","0","0","","","","toast.error(t(""location.exportFailed"", { message: outcome.message }))"
"lib/notifications/runtime.ts","162","custom","short-or-unresolved","false","false","false","0","0","","","","toast.custom(
      (id) =>
        createElement(FunctionalToastCard, {
          rec,
          onAction: (action) => {
            if (action.notificationAction) {
              void dispatchNotificationCommand({
                notificationId: rec.id,
                command: action.notificationAction.command,
                args: action.notificationAction.args,
              })
            }
            toast.dismiss(id)
          },
          onDismiss: () => toast.dismiss(id),
        }),
      { unstyled: true, duration: FUNCTIONAL_TOAST_DURATION_MS }
    )"
"lib/notifications/runtime.ts","191","error|info|success|warning","button","true","true","false","0","0","","","first
      ? {
          label: first.label,
          onClick: () =>
            void dispatchNotificationCommand({
              notificationId: rec.id,
              command: first.command,
              args: first.args,
            }),
        }
      : undefined","fn(rec.title, {
    description: rec.body,
    action: first
      ? {
          label: first.label,
          onClick: () =>
            void dispatchNotificationCommand({
              notificationId: rec.id,
              command: first.command,
              args: first.args,
            }),
        }
      : undefined,
  })"
"lib/plugin/core/context.ts","741","warning","runtime-detail","false","false","true","0","0","","","","toast.warning(message)"
"lib/plugin/core/context.ts","744","error","runtime-detail","false","false","true","0","0","","","","toast.error(message)"
"lib/scheduler/notification-integration.ts","296","error","short-or-unresolved","false","true","false","0","0","","","","toast.error(title, { description: body })"
"lib/scheduler/notification-integration.ts","300","warning","short-or-unresolved","false","true","false","0","0","","","","toast.warning(title, { description: body })"
"lib/skills/recording/controller.ts","180","error","runtime-detail","false","false","true","0","0","","","","toast.error(event.message)"
"lib/skills/recording/controller.ts","184","error","runtime-detail","false","false","true","0","0","","","","toast.error(event.message)"
"lib/skills/recording/controller.ts","391","error","runtime-detail","false","false","true","0","0","","","","toast.error(error instanceof Error ? error.message : String(error))"
"lib/tts/host-bindings.ts","111","error","short-or-unresolved","false","false","false","0","0","","","","toast.error(text)"